Name,Sport,Date,Start time,Duration,Total distance (km),Average heart rate (bpm),Average speed (km/h),Max speed (km/h),Average pace (min/km),Max pace (min/km),Calories,Fat percentage of calories(%),Carbohydrate percentage of calories(%),Protein percentage of calories(%),Average cadence (rpm),Average stride length (cm),Running index,Training load,Ascent (m),Descent (m),Average power (W),Max power (W),Notes,Height (cm),Weight (kg),HR max,HR sit,VO2max,
Noah Brown,CYCLING,07-11-2021,10:45:05 AM,00:33:22,22.08,175,39.7,58.6,01:31,01:01,533,9,89,2,91,,,,49,40,309,817,,183.0,71.0,197,55,58,
Sample rate,Time,HR (bpm),Speed (km/h),Pace (min/km),Cadence,Altitude (m),Stride length (m),Distances (m),Temperatures (C),Power (W),
1,00:00:00,156,19.2,03:07,106,362,,16.28,,563,
,00:00:01,156,22.3,02:41,104,362,,25.30,,563,
,00:00:02,157,22.7,02:38,99,362,,31.70,,670,
,00:00:03,158,23.7,02:32,107,362,,38.40,,670,
,00:00:04,158,25.0,02:24,111,363,,45.80,,618,
,00:00:05,159,26.8,02:15,116,363,,54.40,,538,
,00:00:06,159,26.8,02:15,118,363,,63.80,,330,
,00:00:07,160,28.7,02:05,109,363,,74.00,,576,
,00:00:08,161,32.3,01:52,107,363,,84.90,,544,
,00:00:09,161,32.3,01:52,105,363,,96.70,,535,
,00:00:10,161,33.7,01:47,105,363,,108.10,,519,
,00:00:11,162,35.2,01:42,105,363,,119.80,,495,
,00:00:12,162,35.2,01:42,105,363,,131.50,,509,
,00:00:13,163,35.4,01:42,105,363,,142.40,,525,
,00:00:14,163,35.7,01:41,104,363,,152.90,,472,
,00:00:15,164,35.6,01:41,104,364,,163.10,,448,
,00:00:16,164,35.6,01:41,102,364,,172.70,,380,
,00:00:17,164,35.4,01:42,102,364,,182.10,,345,
,00:00:18,165,35.2,01:42,100,364,,191.60,,389,
,00:00:19,165,34.9,01:43,100,364,,201.10,,373,
,00:00:20,165,34.7,01:44,99,364,,210.20,,406,
,00:00:21,165,34.4,01:45,98,364,,219.50,,399,
,00:00:22,165,34.4,01:45,98,364,,228.50,,429,
,00:00:23,165,34.2,01:45,98,364,,237.50,,465,
,00:00:24,164,33.8,01:47,98,364,,246.40,,456,
,00:00:25,165,33.8,01:47,99,364,,255.50,,385,
,00:00:26,165,33.5,01:48,99,364,,264.30,,380,
,00:00:27,165,33.5,01:48,99,364,,273.40,,376,
,00:00:28,165,33.3,01:48,99,365,,282.00,,446,
,00:00:29,165,33.0,01:49,98,365,,290.80,,435,
,00:00:30,165,33.0,01:49,98,365,,299.70,,436,
,00:00:31,165,32.9,01:49,96,365,,308.10,,399,
,00:00:32,165,32.8,01:50,95,365,,317.00,,399,
,00:00:33,165,32.8,01:50,95,365,,325.50,,390,
,00:00:34,165,32.8,01:50,91,365,,334.40,,261,
,00:00:35,165,32.4,01:51,91,365,,343.00,,231,
,00:00:36,165,32.1,01:52,88,365,,352.00,,300,
,00:00:37,165,31.6,01:54,84,365,,360.40,,253,
,00:00:38,166,30.9,01:56,81,365,,368.80,,224,
,00:00:39,166,30.2,01:59,81,365,,376.80,,187,
,00:00:40,166,29.4,02:02,74,365,,384.20,,368,
,00:00:41,166,28.6,02:06,80,365,,391.40,,616,
,00:00:42,165,27.9,02:09,80,365,,398.30,,638,
,00:00:43,166,27.6,02:11,89,365,,404.20,,602,
,00:00:44,166,27.6,02:10,100,366,,409.90,,360,
,00:00:45,166,28.2,02:08,100,366,,415.90,,318,
,00:00:46,166,29.3,02:03,102,366,,423.10,,256,
,00:00:47,166,30.6,01:58,84,366,,430.80,,300,
,00:00:48,165,31.9,01:53,84,366,,439.00,,315,
,00:00:49,165,31.9,01:53,95,366,,447.80,,403,
,00:00:50,165,34.4,01:45,100,366,,458.40,,361,
,00:00:51,166,35.4,01:42,100,367,,470.50,,456,
,00:00:52,166,36.3,01:39,100,367,,482.90,,364,
,00:00:53,166,37.2,01:37,102,367,,495.20,,269,
,00:00:54,166,37.9,01:35,102,367,,507.20,,255,
,00:00:55,166,37.9,01:35,102,367,,519.10,,275,
,00:00:56,166,38.5,01:34,101,367,,530.40,,220,
,00:00:57,166,38.9,01:33,101,367,,541.60,,225,
,00:00:58,166,39.2,01:32,101,367,,553.30,,232,
,00:00:59,166,39.2,01:32,101,368,,564.40,,301,
,00:01:00,166,39.3,01:32,101,368,,575.40,,305,
,00:01:01,166,39.4,01:31,101,368,,586.60,,294,
,00:01:02,166,39.3,01:32,102,368,,596.50,,290,
,00:01:03,166,39.2,01:32,103,368,,606.80,,288,
,00:01:04,166,39.2,01:32,103,368,,617.00,,363,
,00:01:05,166,39.0,01:32,104,368,,627.10,,240,
,00:01:06,165,38.8,01:33,104,369,,637.40,,219,
,00:01:07,165,38.7,01:33,103,369,,647.80,,256,
,00:01:08,165,38.8,01:33,103,369,,658.40,,293,
,00:01:09,165,38.9,01:32,103,369,,669.30,,261,
,00:01:10,165,39.0,01:32,102,369,,680.80,,271,
,00:01:11,165,39.0,01:32,102,369,,691.80,,282,
,00:01:12,165,39.0,01:32,102,369,,704.10,,243,
,00:01:13,165,39.0,01:32,102,370,,715.00,,268,
,00:01:14,165,38.8,01:33,102,370,,724.90,,250,
,00:01:15,165,38.8,01:33,103,370,,736.90,,270,
,00:01:16,164,38.7,01:33,103,370,,746.20,,282,
,00:01:17,164,38.7,01:33,104,370,,757.00,,295,
,00:01:18,164,38.7,01:33,105,370,,767.40,,289,
,00:01:19,164,39.0,01:32,106,370,,776.90,,235,
,00:01:20,164,39.0,01:32,99,371,,790.10,,237,
,00:01:21,164,39.4,01:31,91,371,,799.90,,393,
,00:01:22,164,39.4,01:31,91,371,,810.20,,355,
,00:01:23,164,39.9,01:30,92,371,,823.50,,298,
,00:01:24,164,39.9,01:30,92,371,,834.30,,237,
,00:01:25,165,40.3,01:29,94,371,,847.10,,249,
,00:01:26,165,40.7,01:28,95,371,,858.90,,246,
,00:01:27,165,41.3,01:27,95,372,,870.00,,227,
,00:01:28,165,42.6,01:25,96,372,,883.60,,268,
,00:01:29,165,42.6,01:25,97,372,,895.10,,272,
,00:01:30,165,43.2,01:23,98,372,,906.40,,246,
,00:01:31,165,43.7,01:22,100,372,,921.50,,239,
,00:01:32,165,44.5,01:21,101,372,,933.60,,292,
,00:01:33,165,44.9,01:20,96,372,,947.10,,309,
,00:01:34,165,45.4,01:19,93,372,,960.40,,311,
,00:01:35,165,45.8,01:19,91,372,,973.90,,227,
,00:01:36,166,46.2,01:18,91,372,,988.30,,227,
,00:01:37,165,46.6,01:17,29,373,,1000.20,,227,
,00:01:38,165,46.9,01:17,25,373,,1012.10,,26,
,00:01:39,165,47.1,01:17,25,373,,1026.70,,327,
,00:01:40,165,47.2,01:16,25,373,,1040.00,,377,
,00:01:41,165,47.2,01:16,85,373,,1053.20,,400,
,00:01:42,165,47.1,01:16,89,373,,1066.70,,308,
,00:01:43,165,47.2,01:16,90,373,,1079.50,,299,
,00:01:44,165,47.2,01:16,90,373,,1091.40,,293,
,00:01:45,165,47.2,01:16,90,373,,1106.20,,325,
,00:01:46,164,47.5,01:16,89,373,,1119.40,,268,
,00:01:47,164,47.5,01:16,88,373,,1134.20,,309,
,00:01:48,164,47.6,01:16,88,373,,1147.30,,260,
,00:01:49,164,47.7,01:16,91,373,,1159.10,,290,
,00:01:50,164,47.6,01:16,97,373,,1172.50,,423,
,00:01:51,165,47.3,01:16,99,373,,1185.30,,381,
,00:01:52,165,46.7,01:17,99,373,,1196.90,,389,
,00:01:53,165,46.7,01:17,98,373,,1212.20,,388,
,00:01:54,165,46.2,01:18,98,373,,1222.80,,363,
,00:01:55,166,45.7,01:19,97,373,,1233.40,,319,
,00:01:56,166,45.3,01:20,95,373,,1245.10,,351,
,00:01:57,166,44.8,01:20,94,373,,1257.90,,367,
,00:01:58,166,44.3,01:21,93,373,,1269.70,,368,
,00:01:59,167,43.8,01:22,92,373,,1280.80,,341,
,00:02:00,167,43.2,01:23,91,373,,1291.90,,394,
,00:02:01,167,42.8,01:24,90,373,,1303.50,,384,
,00:02:02,167,42.0,01:26,89,373,,1314.30,,372,
,00:02:03,167,42.0,01:26,89,373,,1325.70,,378,
,00:02:04,167,41.7,01:26,88,373,,1336.60,,360,
,00:02:05,167,41.4,01:27,88,373,,1347.10,,340,
,00:02:06,167,41.0,01:28,87,373,,1357.70,,337,
,00:02:07,167,40.4,01:29,87,373,,1368.60,,291,
,00:02:08,167,40.4,01:29,86,373,,1379.60,,289,
,00:02:09,167,40.1,01:30,85,373,,1389.10,,319,
,00:02:10,167,39.6,01:31,87,373,,1402.00,,262,
,00:02:11,167,39.6,01:31,89,373,,1411.60,,347,
,00:02:12,167,39.3,01:32,89,373,,1421.70,,351,
,00:02:13,167,38.6,01:33,89,373,,1432.20,,345,
,00:02:14,167,38.6,01:33,88,373,,1443.50,,325,
,00:02:15,167,38.3,01:34,88,374,,1451.50,,344,
,00:02:16,167,38.0,01:35,88,374,,1461.10,,369,
,00:02:17,167,37.8,01:35,88,374,,1471.00,,356,
,00:02:18,167,37.5,01:36,88,374,,1481.90,,387,
,00:02:19,168,37.3,01:36,88,374,,1490.60,,378,
,00:02:20,168,37.2,01:37,88,374,,1500.50,,343,
,00:02:21,168,37.1,01:37,88,374,,1510.40,,328,
,00:02:22,168,37.0,01:37,88,374,,1521.70,,336,
,00:02:23,168,37.0,01:37,87,374,,1530.70,,310,
,00:02:24,168,37.0,01:37,87,374,,1541.70,,312,
,00:02:25,168,37.0,01:37,87,374,,1552.00,,309,
,00:02:26,168,36.9,01:37,86,374,,1562.10,,317,
,00:02:27,168,36.9,01:38,86,374,,1572.30,,342,
,00:02:28,168,36.8,01:38,86,375,,1582.40,,339,
,00:02:29,168,36.5,01:39,86,375,,1592.20,,307,
,00:02:30,168,36.4,01:39,86,375,,1602.00,,322,
,00:02:31,168,36.3,01:39,87,375,,1612.10,,320,
,00:02:32,168,36.2,01:40,87,375,,1621.90,,331,
,00:02:33,168,36.1,01:40,88,375,,1631.70,,335,
,00:02:34,168,36.2,01:39,88,375,,1641.80,,318,
,00:02:35,168,36.3,01:39,88,376,,1651.80,,316,
,00:02:36,168,36.4,01:39,89,376,,1661.80,,298,
,00:02:37,168,36.4,01:39,89,376,,1671.80,,271,
,00:02:38,168,36.5,01:39,89,376,,1682.20,,268,
,00:02:39,168,36.6,01:38,90,376,,1692.60,,287,
,00:02:40,168,36.8,01:38,91,376,,1702.90,,287,
,00:02:41,168,36.9,01:37,91,376,,1713.20,,302,
,00:02:42,169,37.2,01:37,92,376,,1723.80,,315,
,00:02:43,168,37.5,01:36,93,376,,1734.50,,327,
,00:02:44,169,38.3,01:34,95,377,,1745.60,,307,
,00:02:45,169,38.3,01:34,95,377,,1756.70,,269,
,00:02:46,169,38.7,01:33,93,377,,1767.90,,369,
,00:02:47,169,39.1,01:32,94,377,,1779.20,,279,
,00:02:48,169,39.5,01:31,95,377,,1790.60,,297,
,00:02:49,169,40.0,01:30,97,377,,1802.40,,266,
,00:02:50,169,40.6,01:29,98,377,,1814.50,,217,
,00:02:51,169,41.2,01:27,98,377,,1826.90,,213,
,00:02:52,169,41.8,01:26,92,378,,1839.30,,342,
,00:02:53,169,42.6,01:25,89,378,,1851.90,,344,
,00:02:54,169,43.2,01:23,89,378,,1864.70,,343,
,00:02:55,169,44.6,01:21,91,378,,1877.70,,368,
,00:02:56,169,44.6,01:21,91,378,,1891.30,,312,
,00:02:57,169,46.1,01:18,92,378,,1904.90,,215,
,00:02:58,169,46.1,01:18,92,379,,1919.00,,207,
,00:02:59,169,46.8,01:17,92,379,,1932.80,,249,
,00:03:00,168,47.4,01:16,93,379,,1946.60,,283,
,00:03:01,168,47.8,01:15,93,379,,1960.70,,275,
,00:03:02,168,48.2,01:15,93,379,,1974.70,,308,
,00:03:03,168,48.4,01:14,93,379,,1988.60,,297,
,00:03:04,168,48.6,01:14,94,379,,2002.60,,354,
,00:03:05,168,48.7,01:14,95,379,,2016.40,,349,
,00:03:06,168,49.0,01:14,96,379,,2030.20,,287,
,00:03:07,168,49.3,01:13,96,379,,2044.10,,282,
,00:03:08,168,49.7,01:12,97,379,,2058.00,,209,
,00:03:09,168,50.1,01:12,97,379,,2072.10,,278,
,00:03:10,168,50.5,01:11,97,379,,2086.20,,292,
,00:03:11,168,51.0,01:11,98,379,,2100.50,,329,
,00:03:12,168,51.0,01:11,98,379,,2115.20,,295,
,00:03:13,169,51.6,01:10,99,379,,2129.60,,259,
,00:03:14,169,51.6,01:10,99,379,,2144.70,,226,
,00:03:15,169,51.8,01:09,99,379,,2159.40,,217,
,00:03:16,169,52.1,01:09,99,379,,2174.30,,242,
,00:03:17,169,52.4,01:09,99,379,,2189.00,,218,
,00:03:18,169,52.5,01:09,99,379,,2203.80,,209,
,00:03:19,169,52.6,01:08,99,379,,2218.70,,263,
,00:03:20,169,52.7,01:08,98,379,,2233.40,,264,
,00:03:21,169,52.7,01:08,98,379,,2248.20,,288,
,00:03:22,169,52.7,01:08,98,379,,2262.70,,254,
,00:03:23,169,52.6,01:08,97,379,,2277.40,,246,
,00:03:24,169,52.6,01:08,97,379,,2291.80,,249,
,00:03:25,169,52.5,01:09,96,379,,2306.40,,246,
,00:03:26,169,52.4,01:09,96,379,,2320.70,,235,
,00:03:27,169,52.2,01:09,96,379,,2336.60,,227,
,00:03:28,169,52.0,01:09,96,379,,2351.00,,237,
,00:03:29,169,51.6,01:10,96,379,,2365.40,,244,
,00:03:30,169,51.6,01:10,96,379,,2378.50,,224,
,00:03:31,169,51.4,01:10,96,379,,2394.00,,268,
,00:03:32,169,51.4,01:10,96,379,,2408.60,,330,
,00:03:33,169,51.4,01:10,96,378,,2422.70,,353,
,00:03:34,169,51.4,01:10,97,378,,2437.00,,282,
,00:03:35,169,51.4,01:10,97,378,,2451.10,,269,
,00:03:36,169,51.3,01:10,97,378,,2462.30,,287,
,00:03:37,169,51.4,01:10,97,378,,2477.80,,298,
,00:03:38,169,51.4,01:10,97,378,,2490.90,,292,
,00:03:39,169,51.5,01:10,97,378,,2507.18,,282,
,00:03:40,169,51.6,01:10,97,378,,2520.90,,294,
,00:03:41,170,51.7,01:10,97,378,,2535.00,,317,
,00:03:42,170,51.6,01:10,97,378,,2547.80,,280,
,00:03:43,170,51.5,01:10,97,378,,2561.90,,317,
,00:03:44,170,51.5,01:10,96,377,,2577.50,,300,
,00:03:45,170,51.3,01:10,96,377,,2593.30,,280,
,00:03:46,170,51.2,01:10,94,377,,2606.00,,370,
,00:03:47,170,51.0,01:11,93,377,,2619.70,,352,
,00:03:48,170,50.9,01:11,91,377,,2631.80,,280,
,00:03:49,170,50.7,01:11,90,377,,2645.40,,309,
,00:03:50,170,50.3,01:12,93,377,,2658.70,,330,
,00:03:51,170,49.8,01:12,98,377,,2673.00,,414,
,00:03:52,170,49.2,01:13,98,377,,2685.70,,357,
,00:03:53,170,48.5,01:14,97,377,,2698.40,,408,
,00:03:54,170,47.7,01:16,96,377,,2710.90,,364,
,00:03:55,170,46.9,01:17,95,377,,2722.80,,341,
,00:03:56,170,46.2,01:18,94,377,,2735.20,,355,
,00:03:57,171,45.5,01:19,93,377,,2748.00,,385,
,00:03:58,171,44.7,01:20,92,377,,2759.60,,391,
,00:03:59,171,44.2,01:22,92,377,,2770.80,,376,
,00:04:00,171,43.7,01:22,91,377,,2782.10,,329,
,00:04:01,171,43.2,01:23,91,377,,2792.10,,353,
,00:04:02,171,42.8,01:24,90,377,,2803.30,,332,
,00:04:03,171,42.4,01:25,89,377,,2814.00,,354,
,00:04:04,171,41.9,01:26,89,377,,2823.70,,357,
,00:04:05,172,41.5,01:27,89,377,,2835.70,,305,
,00:04:06,172,41.1,01:28,88,377,,2846.40,,254,
,00:04:07,171,40.7,01:28,87,377,,2857.30,,239,
,00:04:08,172,40.4,01:29,87,377,,2867.90,,233,
,00:04:09,172,40.2,01:30,86,377,,2877.50,,178,
,00:04:10,172,39.9,01:30,86,377,,2889.00,,178,
,00:04:11,172,39.5,01:31,30,377,,2899.30,,178,
,00:04:12,172,38.9,01:33,24,377,,2909.40,,36,
,00:04:13,172,37.9,01:35,24,377,,2918.40,,615,
,00:04:14,172,36.6,01:38,24,377,,2925.70,,549,
,00:04:15,172,35.6,01:41,81,377,,2932.20,,483,
,00:04:16,172,35.1,01:43,91,377,,2939.50,,414,
,00:04:17,172,35.5,01:41,98,377,,2946.60,,314,
,00:04:18,172,36.8,01:38,97,377,,2957.90,,291,
,00:04:19,172,38.7,01:33,98,377,,2967.60,,316,
,00:04:20,172,40.9,01:28,99,377,,2978.30,,296,
,00:04:21,172,42.9,01:24,99,377,,2992.50,,278,
,00:04:22,172,44.6,01:21,98,377,,3007.40,,284,
,00:04:23,172,45.8,01:19,97,377,,3023.68,,326,
,00:04:24,172,47.3,01:16,95,377,,3039.96,,338,
,00:04:25,172,47.3,01:16,94,377,,3056.00,,312,
,00:04:26,172,47.5,01:16,99,378,,3071.50,,377,
,00:04:27,172,47.5,01:16,100,378,,3083.70,,375,
,00:04:28,172,47.2,01:16,99,378,,3096.70,,428,
,00:04:29,172,46.7,01:17,98,378,,3109.50,,406,
,00:04:30,172,46.0,01:18,96,378,,3121.50,,385,
,00:04:31,172,45.2,01:20,95,378,,3132.80,,404,
,00:04:32,172,44.3,01:21,94,378,,3142.20,,431,
,00:04:33,172,43.4,01:23,93,378,,3152.50,,447,
,00:04:34,172,42.5,01:25,92,378,,3162.80,,422,
,00:04:35,172,41.8,01:26,92,378,,3172.80,,376,
,00:04:36,172,41.1,01:28,91,378,,3184.00,,312,
,00:04:37,173,40.6,01:29,91,378,,3194.40,,332,
,00:04:38,173,40.1,01:30,91,378,,3204.80,,369,
,00:04:39,173,39.7,01:31,92,378,,3215.10,,320,
,00:04:40,173,39.4,01:31,93,378,,3227.00,,338,
,00:04:41,173,39.2,01:32,95,378,,3237.60,,316,
,00:04:42,173,39.2,01:32,97,378,,3248.40,,279,
,00:04:43,173,39.4,01:31,100,378,,3259.60,,221,
,00:04:44,173,39.7,01:31,98,378,,3270.70,,305,
,00:04:45,173,40.1,01:30,94,378,,3281.20,,285,
,00:04:46,173,40.7,01:29,92,378,,3292.80,,330,
,00:04:47,173,41.9,01:26,91,378,,3304.90,,220,
,00:04:48,173,42.5,01:25,91,378,,3316.40,,205,
,00:04:49,173,42.5,01:25,93,378,,3330.10,,298,
,00:04:50,173,43.1,01:23,94,378,,3342.70,,314,
,00:04:51,174,44.2,01:22,95,378,,3355.70,,366,
,00:04:52,174,44.2,01:22,97,378,,3369.00,,317,
,00:04:53,174,44.7,01:21,97,378,,3382.00,,286,
,00:04:54,174,45.3,01:20,98,378,,3395.50,,223,
,00:04:55,174,45.8,01:19,98,378,,3409.00,,210,
,00:04:56,173,46.9,01:17,98,378,,3422.90,,241,
,00:04:57,174,46.9,01:17,99,378,,3437.70,,187,
,00:04:58,173,47.5,01:16,101,378,,3449.80,,182,
,00:04:59,173,47.5,01:16,101,378,,3463.50,,182,
,00:05:00,173,47.9,01:15,29,378,,3476.70,,182,
,00:05:01,173,48.3,01:15,20,378,,3490.40,,182,
,00:05:02,173,48.9,01:14,0,378,,3504.40,,182,
,00:05:03,172,49.6,01:13,0,378,,3518.70,,182,
,00:05:04,172,50.3,01:12,0,378,,3533.30,,0,
,00:05:05,172,51.1,01:10,0,378,,3548.20,,0,
,00:05:06,171,51.9,01:09,0,378,,3563.70,,0,
,00:05:07,171,52.6,01:08,0,378,,3579.60,,0,
,00:05:08,171,53.3,01:08,0,378,,3595.50,,0,
,00:05:09,171,54.0,01:07,0,378,,3611.60,,0,
,00:05:10,170,54.6,01:06,0,378,,3627.50,,0,
,00:05:11,170,55.3,01:05,0,378,,3643.78,,0,
,00:05:12,169,56.6,01:04,0,378,,3660.06,,0,
,00:05:13,168,56.6,01:04,0,378,,3676.33,,342,
,00:05:14,168,57.2,01:03,121,377,,3691.30,,193,
,00:05:15,168,57.8,01:02,113,377,,3707.58,,111,
,00:05:16,167,58.5,01:02,113,377,,3723.80,,111,
,00:05:17,167,58.5,01:02,30,377,,3739.90,,111,
,00:05:18,167,58.6,01:01,24,377,,3755.70,,38,
,00:05:19,166,58.5,01:02,24,377,,3771.10,,342,
,00:05:20,166,58.1,01:02,24,376,,3786.50,,594,
,00:05:21,167,57.6,01:02,96,376,,3802.78,,740,
,00:05:22,167,57.1,01:03,97,376,,3817.00,,668,
,00:05:23,167,56.7,01:04,97,376,,3833.28,,621,
,00:05:24,168,56.4,01:04,96,376,,3846.40,,660,
,00:05:25,168,56.3,01:04,94,375,,3862.60,,625,
,00:05:26,168,56.1,01:04,93,375,,3876.90,,561,
,00:05:27,168,55.9,01:04,91,375,,3891.20,,490,
,00:05:28,168,55.6,01:05,90,374,,3905.50,,444,
,00:05:29,168,55.1,01:05,90,374,,3920.00,,330,
,00:05:30,168,54.5,01:06,90,374,,3933.30,,290,
,00:05:31,169,54.0,01:07,90,373,,3949.30,,297,
,00:05:32,169,53.5,01:07,90,373,,3963.80,,355,
,00:05:33,169,53.1,01:08,92,373,,3977.70,,343,
,00:05:34,170,52.7,01:08,98,372,,3991.50,,402,
,00:05:35,170,52.2,01:09,99,372,,4005.30,,523,
,00:05:36,171,51.5,01:10,98,372,,4018.40,,483,
,00:05:37,171,50.7,01:11,96,372,,4031.60,,471,
,00:05:38,171,49.6,01:13,94,371,,4043.90,,345,
,00:05:39,172,48.3,01:14,93,371,,4055.80,,365,
,00:05:40,171,46.9,01:17,100,371,,4067.30,,506,
,00:05:41,172,45.5,01:19,100,370,,4078.00,,415,
,00:05:42,172,44.0,01:22,99,370,,4088.20,,408,
,00:05:43,173,41.2,01:27,97,370,,4097.80,,456,
,00:05:44,173,41.2,01:27,95,370,,4107.20,,476,
,00:05:45,173,39.9,01:30,94,369,,4116.00,,433,
,00:05:46,173,38.8,01:33,92,369,,4125.00,,425,
,00:05:47,173,37.7,01:36,91,369,,4134.60,,466,
,00:05:48,173,36.7,01:38,90,369,,4142.10,,521,
,00:05:49,174,35.8,01:41,89,369,,4150.60,,505,
,00:05:50,174,34.4,01:45,89,368,,4159.10,,489,
,00:05:51,174,34.4,01:45,89,368,,4167.70,,426,
,00:05:52,175,33.5,01:47,89,368,,4176.10,,358,
,00:05:53,175,33.5,01:47,89,368,,4184.60,,267,
,00:05:54,175,33.0,01:49,89,368,,4193.10,,246,
,00:05:55,175,33.0,01:49,91,368,,4201.80,,215,
,00:05:56,175,32.9,01:50,92,368,,4209.30,,183,
,00:05:57,175,32.9,01:50,97,368,,4219.30,,159,
,00:05:58,175,33.5,01:47,100,367,,4228.20,,155,
,00:05:59,175,33.5,01:47,100,367,,4238.00,,155,
,00:06:00,175,34.3,01:45,29,367,,4247.90,,155,
,00:06:01,175,35.4,01:42,19,367,,4258.60,,155,
,00:06:02,175,36.8,01:38,0,368,,4270.20,,155,
,00:06:03,175,38.5,01:33,0,368,,4282.40,,155,
,00:06:04,175,40.3,01:29,0,368,,4296.10,,0,
,00:06:05,175,42.1,01:26,134,368,,4309.90,,228,
,00:06:06,175,43.8,01:22,126,368,,4324.40,,210,
,00:06:07,175,46.6,01:17,114,368,,4339.50,,141,
,00:06:08,175,46.6,01:17,107,368,,4355.00,,417,
,00:06:09,175,47.6,01:16,103,368,,4370.00,,459,
,00:06:10,174,48.5,01:14,102,368,,4385.30,,329,
,00:06:11,174,49.1,01:13,102,368,,4400.30,,189,
,00:06:12,173,49.7,01:12,102,368,,4414.90,,189,
,00:06:13,173,49.7,01:12,30,368,,4429.30,,189,
,00:06:14,172,49.8,01:12,19,368,,4443.20,,189,
,00:06:15,172,49.6,01:13,15,368,,4456.90,,189,
,00:06:16,172,48.6,01:14,0,368,,4469.80,,189,
,00:06:17,172,48.6,01:14,0,368,,4482.30,,549,
,00:06:18,171,48.0,01:15,99,368,,4493.70,,732,
,00:06:19,171,47.7,01:15,99,368,,4505.20,,639,
,00:06:20,171,47.6,01:16,100,368,,4516.80,,639,
,00:06:21,171,47.7,01:16,100,368,,4528.90,,595,
,00:06:22,171,47.9,01:15,99,368,,4540.70,,541,
,00:06:23,171,48.2,01:15,97,368,,4553.30,,346,
,00:06:24,171,48.2,01:15,97,368,,4566.20,,483,
,00:06:25,171,47.5,01:16,94,368,,4579.80,,390,
,00:06:26,171,47.5,01:16,92,368,,4593.50,,458,
,00:06:27,171,45.8,01:19,91,368,,4605.90,,354,
,00:06:28,172,45.8,01:19,99,368,,4617.80,,704,
,00:06:29,172,43.5,01:23,101,367,,4628.60,,582,
,00:06:30,173,43.5,01:23,100,367,,4639.40,,412,
,00:06:31,173,42.4,01:25,98,367,,4649.60,,327,
,00:06:32,174,40.4,01:29,96,367,,4659.40,,349,
,00:06:33,174,40.4,01:29,94,367,,4669.20,,465,
,00:06:34,174,39.5,01:31,95,367,,4678.30,,495,
,00:06:35,175,38.7,01:33,97,367,,4687.30,,515,
,00:06:36,175,37.9,01:35,100,367,,4696.50,,425,
,00:06:37,175,37.2,01:37,102,367,,4705.80,,335,
,00:06:38,175,36.8,01:38,96,367,,4715.20,,331,
,00:06:39,175,36.7,01:38,96,367,,4725.20,,293,
,00:06:40,175,36.9,01:38,97,367,,4735.00,,276,
,00:06:41,176,37.8,01:35,100,367,,4745.30,,270,
,00:06:42,176,37.8,01:35,101,367,,4756.10,,300,
,00:06:43,176,38.5,01:33,103,367,,4767.50,,297,
,00:06:44,176,39.3,01:32,104,367,,4779.40,,258,
,00:06:45,176,40.2,01:30,105,367,,4791.60,,243,
,00:06:46,176,41.0,01:28,104,367,,4804.20,,201,
,00:06:47,176,41.7,01:26,103,367,,4816.90,,212,
,00:06:48,176,42.2,01:25,102,367,,4829.70,,314,
,00:06:49,176,42.6,01:25,102,367,,4842.00,,311,
,00:06:50,176,42.8,01:24,102,367,,4854.60,,298,
,00:06:51,177,43.0,01:24,100,367,,4866.90,,304,
,00:06:52,176,43.0,01:24,100,367,,4879.30,,299,
,00:06:53,176,43.0,01:24,98,367,,4891.20,,353,
,00:06:54,176,43.0,01:24,98,367,,4903.10,,351,
,00:06:55,176,42.8,01:24,96,368,,4914.40,,305,
,00:06:56,176,42.5,01:25,94,368,,4925.70,,311,
,00:06:57,176,42.1,01:25,93,368,,4936.80,,373,
,00:06:58,176,41.7,01:26,91,368,,4947.90,,313,
,00:06:59,176,40.6,01:29,92,368,,4958.70,,212,
,00:07:00,176,40.6,01:29,97,368,,4969.30,,357,
,00:07:01,176,40.0,01:30,98,368,,4979.40,,359,
,00:07:02,175,39.4,01:31,98,368,,4989.40,,369,
,00:07:03,175,38.8,01:33,98,368,,4999.50,,310,
,00:07:04,176,37.7,01:35,97,368,,5009.10,,279,
,00:07:05,175,37.7,01:35,96,368,,5018.80,,342,
,00:07:06,175,37.3,01:37,95,368,,5028.20,,362,
,00:07:07,175,36.9,01:38,93,368,,5037.50,,324,
,00:07:08,175,36.5,01:39,92,368,,5046.90,,317,
,00:07:09,176,36.1,01:40,90,368,,5056.30,,359,
,00:07:10,176,35.7,01:41,90,368,,5065.50,,379,
,00:07:11,176,35.3,01:42,89,369,,5074.80,,356,
,00:07:12,176,34.8,01:43,89,369,,5083.70,,330,
,00:07:13,176,34.4,01:45,89,369,,5092.60,,363,
,00:07:14,176,34.0,01:46,89,369,,5101.40,,315,
,00:07:15,176,33.8,01:47,90,369,,5110.20,,268,
,00:07:16,176,33.6,01:47,90,369,,5120.20,,259,
,00:07:17,177,33.6,01:47,92,369,,5128.50,,305,
,00:07:18,177,33.7,01:47,94,369,,5137.60,,322,
,00:07:19,177,33.8,01:46,97,370,,5146.60,,325,
,00:07:20,177,34.0,01:46,100,370,,5156.10,,282,
,00:07:21,177,34.4,01:45,101,370,,5165.70,,294,
,00:07:22,177,34.8,01:43,103,370,,5175.90,,215,
,00:07:23,178,35.4,01:42,104,370,,5186.10,,209,
,00:07:24,177,36.1,01:40,99,370,,5197.00,,309,
,00:07:25,178,36.9,01:38,96,370,,5207.10,,254,
,00:07:26,178,37.6,01:36,96,371,,5219.20,,279,
,00:07:27,178,38.3,01:34,97,371,,5230.70,,283,
,00:07:28,177,38.9,01:33,98,371,,5242.40,,276,
,00:07:29,178,39.5,01:31,99,371,,5254.50,,260,
,00:07:30,178,40.0,01:30,100,371,,5266.50,,299,
,00:07:31,177,40.5,01:29,101,371,,5278.40,,228,
,00:07:32,177,40.9,01:28,102,371,,5290.60,,201,
,00:07:33,177,41.3,01:27,102,372,,5302.30,,149,
,00:07:34,177,41.7,01:26,103,372,,5314.50,,157,
,00:07:35,177,42.1,01:26,98,372,,5326.80,,235,
,00:07:36,176,42.7,01:24,90,372,,5338.80,,324,
,00:07:37,176,42.7,01:24,89,372,,5351.20,,303,
,00:07:38,176,43.0,01:24,91,372,,5363.40,,234,
,00:07:39,176,44.0,01:22,93,372,,5375.70,,214,
,00:07:40,176,44.0,01:22,96,372,,5388.60,,156,
,00:07:41,175,44.8,01:20,99,372,,5401.40,,147,
,00:07:42,175,45.8,01:19,100,372,,5415.10,,177,
,00:07:43,175,46.9,01:17,101,372,,5428.90,,178,
,00:07:44,175,48.2,01:15,101,372,,5443.70,,178,
,00:07:45,175,49.6,01:13,30,372,,5459.00,,178,
,00:07:46,175,50.8,01:11,19,372,,5474.60,,178,
,00:07:47,174,51.8,01:10,24,372,,5490.88,,147,
,00:07:48,174,52.5,01:09,24,372,,5506.80,,278,
,00:07:49,174,53.0,01:08,94,372,,5522.80,,303,
,00:07:50,174,53.1,01:08,96,372,,5538.40,,375,
,00:07:51,174,53.1,01:08,98,372,,5553.60,,343,
,00:07:52,173,52.8,01:08,97,372,,5568.50,,324,
,00:07:53,173,52.8,01:08,96,372,,5583.10,,306,
,00:07:54,173,52.5,01:09,95,372,,5596.70,,290,
,00:07:55,173,52.3,01:09,94,372,,5610.70,,280,
,00:07:56,173,51.9,01:09,93,372,,5624.40,,291,
,00:07:57,172,51.6,01:10,92,371,,5637.90,,274,
,00:07:58,172,51.2,01:10,90,371,,5651.40,,285,
,00:07:59,172,50.7,01:11,91,371,,5664.70,,260,
,00:08:00,172,50.2,01:12,95,371,,5677.90,,291,
,00:08:01,172,49.6,01:13,97,370,,5691.00,,346,
,00:08:02,172,48.8,01:14,96,370,,5703.60,,350,
,00:08:03,172,48.0,01:15,94,370,,5715.70,,356,
,00:08:04,173,47.1,01:16,92,370,,5727.60,,357,
,00:08:05,173,46.2,01:18,89,370,,5739.10,,384,
,00:08:06,173,45.2,01:20,87,369,,5750.30,,377,
,00:08:07,173,44.2,01:21,86,369,,5761.10,,360,
,00:08:08,173,43.3,01:23,86,369,,5771.50,,425,
,00:08:09,173,42.2,01:25,83,369,,5781.60,,546,
,00:08:10,174,41.2,01:27,83,369,,5791.10,,630,
,00:08:11,174,40.1,01:30,81,368,,5800.80,,649,
,00:08:12,174,39.0,01:32,80,368,,5809.80,,665,
,00:08:13,174,38.0,01:35,79,368,,5818.80,,703,
,00:08:14,174,37.0,01:37,77,368,,5827.40,,717,
,00:08:15,175,36.0,01:40,75,368,,5836.00,,725,
,00:08:16,175,35.1,01:43,74,368,,5844.30,,742,
,00:08:17,176,34.3,01:45,72,367,,5852.40,,685,
,00:08:18,176,33.5,01:48,70,367,,5860.30,,622,
,00:08:19,177,32.6,01:50,69,367,,5868.20,,558,
,00:08:20,177,31.9,01:53,70,367,,5875.80,,391,
,00:08:21,178,31.2,01:55,71,367,,5883.40,,273,
,00:08:22,178,30.6,01:58,77,367,,5891.00,,349,
,00:08:23,178,30.2,01:59,84,367,,5898.70,,331,
,00:08:24,179,30.1,02:00,87,367,,5906.30,,275,
,00:08:25,179,30.2,01:59,91,367,,5914.50,,234,
,00:08:26,179,30.4,01:58,92,367,,5923.00,,222,
,00:08:27,179,30.9,01:57,94,367,,5931.90,,182,
,00:08:28,180,32.2,01:52,94,367,,5941.00,,183,
,00:08:29,180,32.2,01:52,95,367,,5951.00,,230,
,00:08:30,179,32.8,01:50,95,368,,5960.80,,227,
,00:08:31,179,33.4,01:48,94,368,,5970.90,,236,
,00:08:32,179,34.0,01:46,94,368,,5981.20,,271,
,00:08:33,179,34.4,01:45,92,368,,5991.60,,282,
,00:08:34,179,34.7,01:44,90,368,,6002.00,,278,
,00:08:35,179,34.8,01:43,89,368,,6012.10,,418,
,00:08:36,178,34.8,01:43,91,368,,6021.90,,405,
,00:08:37,179,34.6,01:44,92,368,,6031.60,,390,
,00:08:38,178,34.2,01:45,91,369,,6040.70,,382,
,00:08:39,178,33.5,01:47,89,369,,6049.40,,356,
,00:08:40,178,32.8,01:50,88,369,,6057.60,,496,
,00:08:41,178,32.1,01:52,89,369,,6065.50,,325,
,00:08:42,178,31.4,01:55,90,369,,6073.60,,278,
,00:08:43,178,30.8,01:57,93,369,,6080.80,,273,
,00:08:44,178,30.4,01:58,94,369,,6088.30,,247,
,00:08:45,178,30.3,01:59,86,369,,6096.10,,438,
,00:08:46,178,30.4,01:59,85,370,,6104.10,,386,
,00:08:47,178,30.8,01:57,86,370,,6112.80,,478,
,00:08:48,179,31.4,01:55,88,370,,6121.80,,508,
,00:08:49,179,32.1,01:52,91,370,,6131.60,,464,
,00:08:50,179,33.1,01:49,92,370,,6141.80,,334,
,00:08:51,179,34.1,01:46,94,370,,6152.20,,191,
,00:08:52,179,35.1,01:43,95,370,,6163.50,,256,
,00:08:53,179,36.1,01:40,98,370,,6175.00,,204,
,00:08:54,179,37.1,01:37,100,371,,6186.80,,192,
,00:08:55,179,38.0,01:35,102,371,,6198.80,,171,
,00:08:56,179,39.0,01:32,105,371,,6211.00,,184,
,00:08:57,179,39.8,01:30,106,371,,6223.40,,141,
,00:08:58,179,40.8,01:28,106,371,,6236.10,,108,
,00:08:59,179,41.7,01:26,106,371,,6248.90,,163,
,00:09:00,179,42.6,01:25,111,371,,6262.10,,278,
,00:09:01,179,43.6,01:23,115,371,,6275.40,,307,
,00:09:02,178,44.5,01:21,117,371,,6289.30,,321,
,00:09:03,178,45.5,01:19,118,371,,6303.00,,251,
,00:09:04,178,46.4,01:18,117,372,,6317.00,,225,
,00:09:05,178,47.2,01:16,115,372,,6331.40,,218,
,00:09:06,178,47.9,01:15,113,372,,6345.90,,227,
,00:09:07,178,48.4,01:14,111,372,,6360.20,,285,
,00:09:08,178,48.6,01:14,108,372,,6374.30,,298,
,00:09:09,178,48.7,01:14,104,371,,6388.10,,448,
,00:09:10,178,48.4,01:14,101,371,,6401.60,,435,
,00:09:11,178,47.8,01:15,100,371,,6414.30,,535,
,00:09:12,178,47.0,01:17,98,371,,6426.90,,562,
,00:09:13,178,45.8,01:19,95,371,,6438.10,,554,
,00:09:14,178,44.3,01:21,89,371,,6448.60,,611,
,00:09:15,177,42.6,01:25,87,371,,6458.10,,587,
,00:09:16,177,40.7,01:28,84,371,,6466.80,,644,
,00:09:17,177,38.9,01:33,84,371,,6475.10,,376,
,00:09:18,177,37.1,01:37,86,371,,6482.90,,492,
,00:09:19,177,34.2,01:45,86,371,,6490.00,,471,
,00:09:20,178,34.2,01:45,86,370,,6497.30,,459,
,00:09:21,178,32.0,01:53,86,370,,6504.20,,384,
,00:09:22,179,32.0,01:53,85,370,,6511.00,,397,
,00:09:23,179,31.1,01:56,84,370,,6517.90,,391,
,00:09:24,179,30.3,01:59,83,370,,6525.00,,419,
,00:09:25,179,29.6,02:02,83,370,,6532.00,,413,
,00:09:26,179,29.0,02:04,82,370,,6539.10,,375,
,00:09:27,179,28.5,02:06,82,370,,6546.00,,299,
,00:09:28,179,28.1,02:08,82,370,,6553.20,,316,
,00:09:29,180,27.8,02:09,83,370,,6560.30,,285,
,00:09:30,180,27.6,02:11,85,370,,6567.50,,197,
,00:09:31,180,27.4,02:11,86,370,,6574.50,,198,
,00:09:32,180,27.3,02:12,89,370,,6581.10,,224,
,00:09:33,180,27.4,02:12,93,370,,6589.20,,149,
,00:09:34,180,27.6,02:10,95,370,,6597.00,,147,
,00:09:35,180,28.1,02:08,96,370,,6605.30,,99,
,00:09:36,180,28.7,02:05,89,370,,6613.80,,239,
,00:09:37,180,29.5,02:02,86,370,,6622.50,,209,
,00:09:38,180,30.3,01:59,85,370,,6631.80,,161,
,00:09:39,180,31.1,01:56,86,370,,6641.80,,164,
,00:09:40,180,32.1,01:52,89,370,,6652.00,,152,
,00:09:41,180,33.0,01:49,90,370,,6663.50,,120,
,00:09:42,180,34.0,01:46,92,370,,6673.60,,140,
,00:09:43,180,34.9,01:43,93,370,,6684.30,,183,
,00:09:44,179,35.8,01:40,95,370,,6695.70,,147,
,00:09:45,179,36.7,01:38,96,370,,6707.20,,157,
,00:09:46,179,37.4,01:36,96,371,,6718.60,,161,
,00:09:47,179,38.1,01:34,96,371,,6730.60,,261,
,00:09:48,178,38.8,01:33,96,371,,6742.20,,256,
,00:09:49,178,39.3,01:32,94,371,,6752.90,,298,
,00:09:50,178,39.7,01:31,94,371,,6765.60,,277,
,00:09:51,178,39.9,01:30,92,371,,6777.00,,260,
,00:09:52,178,40.0,01:30,91,371,,6788.40,,251,
,00:09:53,177,39.7,01:31,89,371,,6799.70,,247,
,00:09:54,177,39.7,01:31,88,370,,6810.80,,281,
,00:09:55,177,39.3,01:32,85,370,,6821.30,,332,
,00:09:56,177,38.9,01:32,84,370,,6831.70,,358,
,00:09:57,176,38.5,01:34,82,370,,6841.90,,359,
,00:09:58,176,37.9,01:35,80,370,,6852.70,,488,
,00:09:59,176,37.3,01:36,79,370,,6861.10,,474,
,00:10:00,176,36.6,01:38,80,370,,6870.20,,441,
,00:10:01,176,35.9,01:40,82,370,,6879.00,,372,
,00:10:02,176,34.8,01:44,83,370,,6887.80,,314,
,00:10:03,176,34.8,01:44,83,370,,6896.30,,295,
,00:10:04,176,34.5,01:44,85,370,,6904.90,,299,
,00:10:05,176,34.6,01:44,85,370,,6913.70,,357,
,00:10:06,176,35.0,01:43,87,370,,6922.60,,308,
,00:10:07,177,35.4,01:42,88,370,,6932.10,,332,
,00:10:08,177,35.4,01:42,90,371,,6941.30,,355,
,00:10:09,177,36.3,01:39,90,371,,6951.40,,329,
,00:10:10,177,36.3,01:39,90,371,,6962.60,,349,
,00:10:11,177,37.2,01:37,90,371,,6973.70,,309,
,00:10:12,177,37.2,01:37,89,371,,6985.10,,279,
,00:10:13,177,37.6,01:36,88,371,,6995.90,,291,
,00:10:14,176,37.8,01:35,88,371,,7006.80,,329,
,00:10:15,176,37.8,01:35,88,371,,7017.50,,316,
,00:10:16,176,37.8,01:35,88,371,,7028.30,,336,
,00:10:17,176,37.8,01:35,88,372,,7039.00,,322,
,00:10:18,176,37.8,01:35,87,372,,7049.50,,308,
,00:10:19,176,37.8,01:35,86,372,,7059.80,,328,
,00:10:20,176,37.7,01:35,85,372,,7070.10,,337,
,00:10:21,176,37.4,01:36,85,372,,7080.20,,319,
,00:10:22,176,37.4,01:36,84,372,,7090.60,,312,
,00:10:23,176,37.1,01:37,83,372,,7100.30,,303,
,00:10:24,176,36.8,01:38,82,372,,7110.20,,306,
,00:10:25,176,36.5,01:39,83,373,,7119.80,,331,
,00:10:26,176,36.0,01:40,86,373,,7129.40,,435,
,00:10:27,176,35.6,01:41,89,373,,7138.60,,431,
,00:10:28,177,35.1,01:43,90,373,,7147.50,,402,
,00:10:29,177,34.6,01:44,90,373,,7156.40,,327,
,00:10:30,177,34.2,01:45,90,373,,7165.10,,313,
,00:10:31,177,33.8,01:47,88,373,,7174.00,,327,
,00:10:32,177,33.6,01:47,88,373,,7182.80,,351,
,00:10:33,177,33.4,01:48,88,374,,7191.60,,423,
,00:10:34,177,33.1,01:49,88,374,,7200.10,,421,
,00:10:35,178,32.9,01:49,89,374,,7208.70,,366,
,00:10:36,178,32.8,01:50,90,374,,7217.50,,396,
,00:10:37,178,32.8,01:50,91,374,,7226.80,,338,
,00:10:38,178,32.8,01:50,91,374,,7236.00,,314,
,00:10:39,178,33.1,01:49,91,374,,7244.90,,266,
,00:10:40,178,33.1,01:49,91,374,,7254.20,,263,
,00:10:41,178,33.2,01:48,91,374,,7263.30,,271,
,00:10:42,178,33.3,01:48,91,374,,7272.70,,329,
,00:10:43,178,33.4,01:48,91,375,,7282.10,,282,
,00:10:44,178,33.5,01:48,91,375,,7291.60,,348,
,00:10:45,178,33.5,01:47,92,375,,7301.10,,368,
,00:10:46,178,33.6,01:47,93,375,,7310.20,,354,
,00:10:47,178,33.8,01:46,95,375,,7319.70,,292,
,00:10:48,178,33.8,01:46,96,375,,7329.20,,332,
,00:10:49,178,34.4,01:45,92,375,,7338.80,,323,
,00:10:50,178,34.7,01:44,89,375,,7348.80,,280,
,00:10:51,178,35.0,01:43,87,375,,7358.80,,316,
,00:10:52,178,35.4,01:42,87,376,,7368.70,,298,
,00:10:53,178,35.4,01:42,87,376,,7377.90,,269,
,00:10:54,178,35.9,01:40,87,376,,7388.80,,286,
,00:10:55,179,36.1,01:40,86,376,,7399.40,,254,
,00:10:56,179,36.3,01:39,86,376,,7408.70,,280,
,00:10:57,179,36.4,01:39,86,376,,7420.10,,286,
,00:10:58,179,36.4,01:39,86,376,,7430.50,,314,
,00:10:59,179,36.5,01:39,86,376,,7440.70,,346,
,00:11:00,179,36.4,01:39,86,376,,7450.80,,359,
,00:11:01,179,36.4,01:39,86,376,,7459.90,,263,
,00:11:02,179,36.4,01:39,87,376,,7472.00,,291,
,00:11:03,178,36.4,01:39,87,377,,7481.30,,313,
,00:11:04,178,36.4,01:39,88,377,,7491.10,,301,
,00:11:05,178,36.4,01:39,88,377,,7502.20,,297,
,00:11:06,178,36.6,01:38,88,377,,7511.30,,330,
,00:11:07,178,36.6,01:38,89,377,,7521.70,,345,
,00:11:08,178,36.7,01:38,90,377,,7531.90,,352,
,00:11:09,178,36.9,01:38,90,377,,7542.50,,310,
,00:11:10,178,37.1,01:37,91,377,,7554.00,,319,
,00:11:11,178,37.3,01:36,91,377,,7563.70,,320,
,00:11:12,178,37.5,01:36,91,377,,7574.30,,271,
,00:11:13,178,37.7,01:36,91,378,,7584.90,,256,
,00:11:14,178,37.9,01:35,91,378,,7595.60,,246,
,00:11:15,178,38.2,01:34,92,378,,7605.40,,256,
,00:11:16,178,38.2,01:34,92,378,,7617.30,,281,
,00:11:17,178,38.4,01:34,92,378,,7627.90,,308,
,00:11:18,178,38.4,01:34,92,378,,7638.70,,245,
,00:11:19,178,38.4,01:34,92,379,,7649.40,,275,
,00:11:20,178,38.4,01:34,92,379,,7660.10,,288,
,00:11:21,178,38.5,01:34,93,379,,7670.90,,203,
,00:11:22,178,38.6,01:33,93,379,,7681.90,,200,
,00:11:23,178,38.6,01:33,92,379,,7692.60,,203,
,00:11:24,178,38.9,01:33,93,379,,7704.50,,200,
,00:11:25,178,38.9,01:33,93,379,,7714.40,,187,
,00:11:26,178,39.1,01:32,94,379,,7725.00,,191,
,00:11:27,178,39.1,01:32,95,380,,7736.00,,159,
,00:11:28,178,39.2,01:32,96,380,,7746.80,,263,
,00:11:29,178,39.2,01:32,97,380,,7757.80,,229,
,00:11:30,177,39.8,01:31,98,380,,7769.10,,168,
,00:11:31,177,40.2,01:30,99,380,,7780.40,,151,
,00:11:32,177,40.2,01:30,99,380,,7792.10,,139,
,00:11:33,177,40.8,01:28,99,380,,7803.60,,129,
,00:11:34,177,41.2,01:27,99,381,,7815.50,,146,
,00:11:35,177,41.8,01:26,99,381,,7827.50,,183,
,00:11:36,176,41.9,01:26,99,381,,7839.50,,202,
,00:11:37,176,41.9,01:26,99,381,,7851.50,,188,
,00:11:38,176,41.9,01:26,99,381,,7863.50,,234,
,00:11:39,176,42.0,01:26,99,381,,7875.20,,288,
,00:11:40,175,42.0,01:26,98,381,,7887.00,,282,
,00:11:41,175,42.0,01:26,99,381,,7898.70,,338,
,00:11:42,175,41.9,01:26,99,381,,7910.00,,323,
,00:11:43,174,41.9,01:26,99,381,,7921.40,,302,
,00:11:44,174,42.1,01:25,99,381,,7933.00,,363,
,00:11:45,173,42.2,01:25,98,381,,7945.10,,344,
,00:11:46,173,42.4,01:25,98,381,,7956.90,,358,
,00:11:47,173,42.4,01:25,98,382,,7968.70,,354,
,00:11:48,173,42.4,01:25,97,382,,7980.40,,359,
,00:11:49,173,42.4,01:25,97,382,,7991.90,,347,
,00:11:50,173,42.2,01:25,96,382,,8003.70,,336,
,00:11:51,173,42.0,01:26,96,382,,8015.30,,349,
,00:11:52,173,41.8,01:26,95,382,,8026.70,,359,
,00:11:53,173,41.6,01:27,95,382,,8038.20,,378,
,00:11:54,173,41.1,01:28,94,382,,8049.00,,356,
,00:11:55,173,40.8,01:28,94,382,,8060.20,,355,
,00:11:56,173,40.6,01:29,93,382,,8071.10,,328,
,00:11:57,173,40.4,01:29,93,382,,8081.80,,349,
,00:11:58,173,40.4,01:29,93,382,,8092.80,,378,
,00:11:59,173,39.9,01:30,93,381,,8103.50,,360,
,00:12:00,173,39.8,01:30,93,381,,8114.20,,346,
,00:12:01,174,39.6,01:31,93,381,,8124.90,,361,
,00:12:02,174,39.4,01:31,93,381,,8135.60,,366,
,00:12:03,174,39.4,01:31,93,381,,8146.20,,343,
,00:12:04,174,39.3,01:32,93,381,,8156.70,,348,
,00:12:05,174,39.2,01:32,93,381,,8167.60,,353,
,00:12:06,174,39.1,01:32,93,381,,8178.40,,320,
,00:12:07,174,39.1,01:32,93,381,,8188.90,,307,
,00:12:08,175,39.0,01:32,92,381,,8199.50,,320,
,00:12:09,175,38.8,01:33,92,381,,8210.00,,344,
,00:12:10,175,38.8,01:33,92,381,,8220.80,,319,
,00:12:11,175,38.9,01:33,91,381,,8231.50,,307,
,00:12:12,175,38.9,01:32,91,381,,8242.20,,302,
,00:12:13,175,38.9,01:32,91,381,,8252.00,,311,
,00:12:14,175,38.9,01:33,91,381,,8263.50,,348,
,00:12:15,175,38.7,01:33,91,380,,8274.00,,352,
,00:12:16,176,38.5,01:33,91,380,,8284.60,,384,
,00:12:17,176,38.4,01:34,91,380,,8295.20,,351,
,00:12:18,176,38.3,01:34,91,380,,8305.90,,358,
,00:12:19,176,38.2,01:34,91,380,,8316.40,,333,
,00:12:20,176,38.2,01:34,91,380,,8326.90,,279,
,00:12:21,177,38.3,01:34,91,380,,8337.50,,270,
,00:12:22,177,38.3,01:34,90,380,,8349.00,,221,
,00:12:23,177,38.3,01:34,89,380,,8358.60,,241,
,00:12:24,177,38.2,01:34,88,380,,8369.20,,244,
,00:12:25,178,38.1,01:34,87,380,,8379.60,,317,
,00:12:26,178,37.9,01:35,87,380,,8390.10,,364,
,00:12:27,178,37.6,01:36,87,380,,8400.40,,340,
,00:12:28,178,37.4,01:36,87,380,,8410.70,,328,
,00:12:29,177,37.2,01:37,87,380,,8420.70,,307,
,00:12:30,177,37.0,01:37,87,380,,8430.70,,321,
,00:12:31,177,36.8,01:38,87,380,,8440.70,,294,
,00:12:32,177,36.8,01:38,86,380,,8450.40,,307,
,00:12:33,177,36.7,01:38,86,379,,8460.40,,330,
,00:12:34,177,36.7,01:38,86,379,,8470.30,,310,
,00:12:35,177,36.6,01:38,86,379,,8480.40,,310,
,00:12:36,177,36.6,01:38,87,379,,8490.40,,359,
,00:12:37,177,36.6,01:38,87,379,,8500.50,,321,
,00:12:38,177,36.7,01:38,87,379,,8510.60,,301,
,00:12:39,177,36.7,01:38,86,379,,8520.80,,316,
,00:12:40,177,36.7,01:38,86,379,,8531.20,,311,
,00:12:41,177,36.7,01:38,87,379,,8541.30,,304,
,00:12:42,177,36.6,01:38,87,379,,8551.40,,356,
,00:12:43,177,36.5,01:39,87,379,,8561.40,,358,
,00:12:44,177,36.6,01:38,88,379,,8571.40,,320,
,00:12:45,177,36.6,01:38,88,379,,8581.70,,297,
,00:12:46,177,36.6,01:38,88,379,,8591.70,,346,
,00:12:47,177,36.7,01:38,88,379,,8601.80,,306,
,00:12:48,177,36.7,01:38,87,379,,8611.90,,303,
,00:12:49,177,36.7,01:38,87,379,,8622.10,,297,
,00:12:50,177,36.7,01:38,86,379,,8632.30,,295,
,00:12:51,177,36.7,01:38,86,379,,8642.50,,324,
,00:12:52,177,36.7,01:38,86,379,,8652.80,,320,
,00:12:53,177,36.6,01:38,86,379,,8663.00,,317,
,00:12:54,177,36.5,01:39,91,379,,8673.00,,331,
,00:12:55,178,36.4,01:39,93,379,,8682.90,,279,
,00:12:56,177,36.3,01:39,94,379,,8693.00,,323,
,00:12:57,177,36.2,01:39,94,379,,8703.00,,339,
,00:12:58,177,36.0,01:40,93,379,,8712.90,,347,
,00:12:59,177,35.8,01:41,92,379,,8722.60,,300,
,00:13:00,177,35.5,01:41,92,380,,8732.00,,335,
,00:13:01,177,35.2,01:42,92,380,,8741.60,,314,
,00:13:02,177,34.9,01:43,91,380,,8750.90,,283,
,00:13:03,177,34.6,01:44,91,380,,8760.20,,314,
,00:13:04,177,34.3,01:45,90,380,,8769.40,,331,
,00:13:05,177,34.1,01:45,89,380,,8778.50,,331,
,00:13:06,176,33.9,01:46,88,380,,8787.60,,341,
,00:13:07,177,33.9,01:46,88,380,,8796.50,,340,
,00:13:08,176,33.6,01:47,88,380,,8805.20,,324,
,00:13:09,176,33.4,01:48,87,380,,8814.50,,290,
,00:13:10,176,33.3,01:48,87,380,,8823.60,,275,
,00:13:11,176,33.2,01:49,86,380,,8832.60,,343,
,00:13:12,176,33.0,01:49,86,380,,8841.50,,334,
,00:13:13,176,32.7,01:50,86,380,,8850.40,,336,
,00:13:14,176,32.5,01:51,86,380,,8859.20,,342,
,00:13:15,177,32.2,01:52,86,381,,8867.70,,360,
,00:13:16,177,32.0,01:53,85,381,,8876.30,,319,
,00:13:17,177,31.9,01:53,85,381,,8885.00,,346,
,00:13:18,177,31.9,01:53,85,381,,8893.70,,380,
,00:13:19,177,31.9,01:53,85,381,,8902.30,,329,
,00:13:20,177,31.9,01:53,86,381,,8910.90,,315,
,00:13:21,177,31.9,01:53,87,381,,8919.60,,246,
,00:13:22,178,31.9,01:53,87,381,,8928.30,,268,
,00:13:23,178,31.8,01:53,87,381,,8937.10,,278,
,00:13:24,178,31.9,01:53,88,381,,8946.00,,335,
,00:13:25,178,32.0,01:53,88,381,,8954.90,,333,
,00:13:26,178,32.2,01:52,89,381,,8963.80,,310,
,00:13:27,178,32.5,01:51,90,381,,8972.90,,253,
,00:13:28,178,32.8,01:50,90,382,,8982.00,,218,
,00:13:29,178,33.1,01:49,90,382,,8991.40,,263,
,00:13:30,178,33.3,01:48,91,382,,9000.90,,210,
,00:13:31,177,33.3,01:48,91,382,,9010.40,,208,
,00:13:32,177,33.7,01:47,93,382,,9019.90,,250,
,00:13:33,177,33.8,01:46,94,382,,9029.70,,258,
,00:13:34,177,34.0,01:46,96,382,,9039.40,,321,
,00:13:35,177,34.3,01:45,96,382,,9049.20,,260,
,00:13:36,177,34.7,01:44,91,383,,9058.90,,257,
,00:13:37,177,35.2,01:42,91,383,,9069.00,,192,
,00:13:38,177,35.8,01:41,93,383,,9079.30,,172,
,00:13:39,177,36.5,01:39,94,383,,9089.70,,186,
,00:13:40,177,37.2,01:37,95,383,,9100.80,,212,
,00:13:41,177,37.9,01:35,96,383,,9111.90,,194,
,00:13:42,177,38.6,01:33,97,383,,9123.30,,175,
,00:13:43,177,39.1,01:32,98,383,,9135.00,,215,
,00:13:44,176,39.7,01:31,98,384,,9146.80,,219,
,00:13:45,176,40.2,01:30,98,384,,9158.70,,181,
,00:13:46,176,40.6,01:29,98,384,,9170.90,,179,
,00:13:47,175,40.9,01:28,98,384,,9182.70,,202,
,00:13:48,175,41.2,01:27,97,384,,9194.70,,232,
,00:13:49,175,41.3,01:27,97,384,,9206.50,,303,
,00:13:50,174,41.4,01:27,97,384,,9218.40,,275,
,00:13:51,174,41.4,01:27,97,384,,9230.00,,288,
,00:13:52,174,41.4,01:27,97,384,,9241.50,,257,
,00:13:53,174,41.4,01:27,96,385,,9253.10,,274,
,00:13:54,173,41.4,01:27,95,385,,9264.70,,314,
,00:13:55,173,41.3,01:27,94,385,,9276.10,,291,
,00:13:56,173,41.2,01:27,92,385,,9287.40,,301,
,00:13:57,173,41.0,01:28,92,385,,9298.60,,328,
,00:13:58,173,40.7,01:28,96,385,,9309.80,,349,
,00:13:59,173,40.3,01:29,98,385,,9320.60,,379,
,00:14:00,173,39.9,01:30,99,385,,9331.40,,417,
,00:14:01,172,39.3,01:32,99,385,,9342.00,,333,
,00:14:02,173,38.8,01:33,98,385,,9352.20,,344,
,00:14:03,173,38.3,01:34,97,385,,9362.30,,326,
,00:14:04,173,37.8,01:35,97,385,,9372.20,,330,
,00:14:05,174,37.4,01:36,95,385,,9381.80,,344,
,00:14:06,173,37.1,01:37,95,385,,9391.60,,349,
,00:14:07,174,36.7,01:38,94,385,,9401.10,,356,
,00:14:08,174,36.3,01:39,94,385,,9410.60,,343,
,00:14:09,174,36.0,01:40,94,385,,9420.10,,352,
,00:14:10,174,35.7,01:41,94,385,,9429.50,,342,
,00:14:11,174,35.4,01:42,93,385,,9438.90,,321,
,00:14:12,174,35.3,01:42,93,385,,9448.30,,326,
,00:14:13,174,35.2,01:42,93,385,,9457.80,,340,
,00:14:14,174,35.1,01:43,93,385,,9467.30,,358,
,00:14:15,174,34.9,01:43,93,385,,9476.80,,359,
,00:14:16,174,34.7,01:44,92,385,,9486.10,,341,
,00:14:17,174,34.4,01:45,91,385,,9495.40,,348,
,00:14:18,174,34.2,01:45,91,385,,9504.70,,344,
,00:14:19,174,34.0,01:46,90,385,,9514.00,,354,
,00:14:20,174,33.8,01:47,90,385,,9523.10,,364,
,00:14:21,175,33.6,01:47,90,385,,9532.20,,380,
,00:14:22,175,33.5,01:47,90,385,,9541.10,,369,
,00:14:23,175,33.4,01:48,89,385,,9550.10,,363,
,00:14:24,176,33.4,01:48,90,385,,9559.10,,358,
,00:14:25,176,33.3,01:48,90,385,,9568.30,,329,
,00:14:26,177,33.4,01:48,89,385,,9577.50,,313,
,00:14:27,177,33.4,01:48,89,385,,9586.60,,314,
,00:14:28,177,33.3,01:48,88,385,,9595.80,,293,
,00:14:29,177,33.3,01:48,88,385,,9604.90,,322,
,00:14:30,178,33.3,01:48,87,385,,9614.20,,336,
,00:14:31,178,33.1,01:49,88,385,,9623.40,,315,
,00:14:32,178,33.0,01:49,88,385,,9632.60,,298,
,00:14:33,178,32.9,01:49,88,385,,9641.40,,292,
,00:14:34,178,32.8,01:50,88,385,,9650.30,,310,
,00:14:35,177,32.7,01:50,88,385,,9659.50,,302,
,00:14:36,177,32.7,01:50,89,385,,9668.40,,268,
,00:14:37,177,32.7,01:50,89,385,,9677.20,,269,
,00:14:38,177,32.7,01:50,90,385,,9686.30,,319,
,00:14:39,177,32.8,01:50,91,386,,9695.10,,338,
,00:14:40,177,32.9,01:50,91,386,,9704.30,,327,
,00:14:41,177,33.0,01:49,92,386,,9713.40,,288,
,00:14:42,177,33.3,01:48,92,386,,9722.60,,257,
,00:14:43,177,33.5,01:47,92,386,,9732.20,,258,
,00:14:44,177,33.8,01:47,92,386,,9741.80,,264,
,00:14:45,177,34.1,01:46,93,386,,9751.60,,267,
,00:14:46,177,34.3,01:45,93,386,,9761.40,,240,
,00:14:47,177,34.4,01:45,94,386,,9771.10,,246,
,00:14:48,177,34.5,01:44,95,386,,9780.90,,298,
,00:14:49,177,34.7,01:44,94,386,,9790.70,,317,
,00:14:50,177,34.9,01:43,89,386,,9800.60,,375,
,00:14:51,176,35.1,01:43,89,386,,9810.60,,293,
,00:14:52,176,35.4,01:42,90,387,,9820.70,,260,
,00:14:53,177,35.9,01:40,91,387,,9830.80,,242,
,00:14:54,177,36.4,01:39,91,387,,9841.10,,223,
,00:14:55,177,36.8,01:38,92,387,,9851.80,,226,
,00:14:56,177,37.3,01:37,92,387,,9862.60,,267,
,00:14:57,177,37.3,01:37,93,387,,9873.40,,265,
,00:14:58,177,38.1,01:34,93,387,,9884.30,,198,
,00:14:59,177,38.5,01:34,93,387,,9895.80,,155,
,00:15:00,177,38.7,01:33,93,387,,9907.10,,155,
,00:15:01,177,38.9,01:33,30,387,,9918.30,,155,
,00:15:02,177,39.0,01:32,19,387,,9929.50,,76,
,00:15:03,177,38.9,01:32,25,387,,9940.50,,258,
,00:15:04,176,38.8,01:33,25,387,,9951.30,,258,
,00:15:05,175,38.6,01:33,85,387,,9962.00,,232,
,00:15:06,175,38.4,01:34,90,388,,9972.60,,228,
,00:15:07,174,38.2,01:34,90,388,,9983.10,,216,
,00:15:08,173,38.2,01:34,91,388,,9993.40,,218,
,00:15:09,172,38.2,01:34,92,388,,10003.70,,272,
,00:15:10,172,38.2,01:34,92,388,,10014.30,,305,
,00:15:11,172,38.5,01:34,93,388,,10024.80,,295,
,00:15:12,171,38.7,01:33,94,388,,10035.50,,350,
,00:15:13,171,38.9,01:33,95,388,,10046.10,,353,
,00:15:14,171,38.9,01:33,96,388,,10057.00,,291,
,00:15:15,171,39.3,01:32,97,388,,10068.20,,241,
,00:15:16,171,39.7,01:31,97,388,,10079.60,,223,
,00:15:17,171,39.7,01:31,98,387,,10091.00,,241,
,00:15:18,171,40.4,01:29,99,387,,10102.60,,214,
,00:15:19,171,40.7,01:28,100,387,,10114.20,,191,
,00:15:20,172,41.1,01:28,100,387,,10125.90,,229,
,00:15:21,172,41.3,01:27,100,387,,10137.80,,249,
,00:15:22,172,41.5,01:27,100,387,,10149.80,,296,
,00:15:23,172,41.7,01:26,100,387,,10161.50,,305,
,00:15:24,172,41.8,01:26,100,387,,10173.40,,282,
,00:15:25,172,42.0,01:26,101,387,,10185.40,,281,
,00:15:26,172,42.2,01:25,101,387,,10197.30,,270,
,00:15:27,173,42.4,01:25,101,387,,10209.20,,254,
,00:15:28,173,42.5,01:25,101,387,,10221.30,,245,
,00:15:29,173,42.5,01:25,100,387,,10233.10,,290,
,00:15:30,173,42.6,01:25,101,386,,10244.80,,329,
,00:15:31,173,42.6,01:24,101,386,,10256.80,,274,
,00:15:32,173,42.6,01:24,101,386,,10268.70,,239,
,00:15:33,173,42.7,01:24,101,386,,10280.60,,224,
,00:15:34,173,42.7,01:24,101,386,,10292.60,,234,
,00:15:35,173,42.7,01:24,102,386,,10304.40,,203,
,00:15:36,173,42.8,01:24,102,386,,10316.20,,306,
,00:15:37,172,42.9,01:24,103,386,,10328.10,,284,
,00:15:38,172,42.9,01:24,103,385,,10340.20,,259,
,00:15:39,172,43.0,01:24,102,385,,10351.90,,273,
,00:15:40,172,43.1,01:24,102,385,,10364.10,,251,
,00:15:41,172,43.1,01:24,102,385,,10376.20,,237,
,00:15:42,172,43.2,01:23,101,385,,10388.00,,282,
,00:15:43,172,43.1,01:23,101,385,,10400.00,,269,
,00:15:44,172,43.1,01:23,101,385,,10412.00,,287,
,00:15:45,172,43.1,01:23,101,385,,10423.60,,315,
,00:15:46,172,43.1,01:23,101,384,,10434.20,,370,
,00:15:47,172,43.1,01:24,101,384,,10445.80,,354,
,00:15:48,172,43.0,01:24,100,384,,10458.40,,355,
,00:15:49,172,42.9,01:24,99,384,,10470.10,,344,
,00:15:50,172,42.9,01:24,98,384,,10481.60,,310,
,00:15:51,173,42.7,01:24,98,384,,10493.20,,328,
,00:15:52,173,42.6,01:25,98,383,,10505.10,,395,
,00:15:53,173,42.6,01:25,97,383,,10516.70,,505,
,00:15:54,173,42.4,01:25,96,383,,10527.90,,478,
,00:15:55,173,42.0,01:26,95,383,,10540.60,,436,
,00:15:56,174,42.0,01:26,94,383,,10552.10,,429,
,00:15:57,174,41.5,01:27,93,383,,10561.80,,422,
,00:15:58,174,41.3,01:27,93,383,,10573.00,,363,
,00:15:59,174,41.3,01:27,93,383,,10584.10,,375,
,00:16:00,174,41.0,01:28,93,382,,10594.90,,405,
,00:16:01,175,40.5,01:29,93,382,,10605.70,,381,
,00:16:02,175,40.5,01:29,92,382,,10616.60,,337,
,00:16:03,175,40.0,01:30,92,382,,10627.00,,339,
,00:16:04,175,39.7,01:31,91,382,,10636.70,,373,
,00:16:05,175,39.7,01:31,90,382,,10648.40,,307,
,00:16:06,176,39.4,01:31,90,381,,10658.90,,312,
,00:16:07,176,39.2,01:32,96,381,,10669.60,,366,
,00:16:08,177,39.0,01:32,99,381,,10680.00,,281,
,00:16:09,177,39.0,01:32,99,381,,10690.50,,224,
,00:16:10,177,38.6,01:33,99,381,,10701.00,,215,
,00:16:11,177,38.4,01:34,98,381,,10711.60,,223,
,00:16:12,177,38.1,01:35,97,381,,10722.00,,255,
,00:16:13,176,37.8,01:35,96,381,,10733.30,,320,
,00:16:14,176,37.4,01:36,95,380,,10742.20,,231,
,00:16:15,177,37.0,01:37,94,380,,10752.10,,328,
,00:16:16,177,37.0,01:37,94,380,,10761.90,,225,
,00:16:17,177,36.2,01:40,93,380,,10771.40,,362,
,00:16:18,177,35.7,01:41,93,380,,10780.80,,320,
,00:16:19,176,35.4,01:42,93,380,,10790.20,,409,
,00:16:20,176,35.1,01:43,95,380,,10799.50,,583,
,00:16:21,176,34.9,01:43,97,380,,10808.60,,574,
,00:16:22,176,34.9,01:43,99,380,,10817.80,,380,
,00:16:23,176,34.9,01:43,99,379,,10827.20,,269,
,00:16:24,176,35.0,01:43,98,379,,10836.90,,365,
,00:16:25,176,35.6,01:41,98,379,,10846.70,,354,
,00:16:26,176,35.6,01:41,98,379,,10857.00,,397,
,00:16:27,176,36.0,01:40,98,379,,10867.00,,391,
,00:16:28,176,36.2,01:39,98,379,,10877.30,,387,
,00:16:29,176,36.2,01:39,98,378,,10887.60,,407,
,00:16:30,177,36.4,01:39,98,378,,10897.90,,340,
,00:16:31,177,36.4,01:39,98,378,,10908.40,,313,
,00:16:32,177,36.5,01:39,98,378,,10918.80,,308,
,00:16:33,177,36.6,01:38,98,378,,10929.10,,355,
,00:16:34,177,36.7,01:38,98,378,,10939.30,,363,
,00:16:35,177,36.6,01:38,98,378,,10949.40,,351,
,00:16:36,177,36.6,01:38,98,377,,10959.50,,323,
,00:16:37,177,36.6,01:38,98,377,,10969.40,,350,
,00:16:38,177,36.6,01:38,98,377,,10979.90,,371,
,00:16:39,177,36.6,01:38,98,377,,10989.90,,345,
,00:16:40,177,36.8,01:38,97,377,,11000.20,,354,
,00:16:41,178,36.7,01:38,97,377,,11010.30,,410,
,00:16:42,178,36.7,01:38,97,377,,11020.60,,360,
,00:16:43,177,36.6,01:38,97,377,,11030.60,,320,
,00:16:44,177,36.5,01:39,97,377,,11040.70,,323,
,00:16:45,178,36.4,01:39,95,377,,11050.70,,328,
,00:16:46,177,36.3,01:39,95,377,,11060.90,,359,
,00:16:47,177,36.2,01:39,95,377,,11070.80,,370,
,00:16:48,177,36.1,01:40,95,377,,11080.70,,358,
,00:16:49,177,36.0,01:40,96,377,,11090.40,,365,
,00:16:50,177,35.8,01:41,96,377,,11100.10,,348,
,00:16:51,177,35.8,01:41,97,377,,11109.80,,320,
,00:16:52,176,35.7,01:41,98,377,,11119.60,,341,
,00:16:53,176,35.8,01:41,99,377,,11129.50,,368,
,00:16:54,176,35.9,01:40,99,377,,11139.40,,362,
,00:16:55,176,36.2,01:40,92,377,,11149.20,,381,
,00:16:56,176,36.2,01:40,88,377,,11159.30,,291,
,00:16:57,176,36.4,01:39,88,377,,11169.60,,291,
,00:16:58,176,36.7,01:38,87,377,,11179.60,,342,
,00:16:59,176,36.7,01:38,87,377,,11190.30,,330,
,00:17:00,176,36.7,01:38,87,377,,11200.40,,330,
,00:17:01,177,36.6,01:38,86,377,,11210.80,,295,
,00:17:02,177,36.6,01:38,86,377,,11221.00,,282,
,00:17:03,177,36.6,01:38,86,377,,11231.10,,282,
,00:17:04,177,36.7,01:38,86,377,,11241.30,,298,
,00:17:05,177,36.7,01:38,86,377,,11251.40,,326,
,00:17:06,177,36.7,01:38,86,377,,11261.50,,326,
,00:17:07,177,36.7,01:38,86,377,,11271.80,,254,
,00:17:08,177,36.7,01:38,86,377,,11281.90,,258,
,00:17:09,177,36.7,01:38,86,377,,11291.90,,258,
,00:17:10,177,36.7,01:38,87,377,,11302.10,,264,
,00:17:11,177,36.7,01:38,87,377,,11312.20,,334,
,00:17:12,177,36.7,01:38,87,377,,11322.50,,374,
,00:17:13,177,36.8,01:38,88,377,,11332.70,,335,
,00:17:14,177,36.9,01:38,90,377,,11343.00,,292,
,00:17:15,178,37.0,01:37,90,377,,11353.10,,292,
,00:17:16,178,37.1,01:37,90,377,,11363.50,,293,
,00:17:17,178,37.2,01:37,92,377,,11373.80,,336,
,00:17:18,178,37.4,01:36,92,377,,11383.10,,336,
,00:17:19,178,37.7,01:35,92,377,,11394.80,,287,
,00:17:20,178,37.7,01:35,92,377,,11405.60,,301,
,00:17:21,178,38.3,01:34,92,377,,11416.30,,301,
,00:17:22,178,38.6,01:33,93,377,,11427.30,,321,
,00:17:23,178,38.6,01:33,94,377,,11438.40,,263,
,00:17:24,178,39.0,01:32,94,377,,11449.30,,263,
,00:17:25,178,39.1,01:32,94,377,,11459.50,,274,
,00:17:26,178,39.3,01:32,94,377,,11471.70,,268,
,00:17:27,178,39.5,01:31,94,377,,11483.90,,260,
,00:17:28,178,39.6,01:31,94,377,,11494.10,,235,
,00:17:29,178,39.7,01:31,94,378,,11505.10,,258,
,00:17:30,178,39.7,01:31,94,378,,11516.40,,246,
,00:17:31,178,39.7,01:31,94,378,,11527.50,,329,
,00:17:32,178,39.7,01:31,94,378,,11538.70,,293,
,00:17:33,178,39.8,01:31,94,378,,11549.70,,283,
,00:17:34,179,39.8,01:30,95,378,,11561.90,,351,
,00:17:35,178,40.0,01:30,95,378,,11571.80,,344,
,00:17:36,178,40.2,01:30,96,378,,11583.00,,308,
,00:17:37,178,40.4,01:29,97,378,,11594.30,,252,
,00:17:38,178,40.6,01:29,97,378,,11605.80,,245,
,00:17:39,178,40.9,01:28,97,378,,11617.10,,249,
,00:17:40,177,41.0,01:28,97,378,,11628.70,,299,
,00:17:41,178,41.1,01:28,97,378,,11640.40,,325,
,00:17:42,178,41.1,01:28,97,378,,11652.10,,335,
,00:17:43,177,41.1,01:28,97,378,,11663.50,,295,
,00:17:44,177,41.1,01:28,97,378,,11675.10,,289,
,00:17:45,177,41.0,01:28,97,378,,11686.40,,299,
,00:17:46,177,41.0,01:28,97,378,,11697.80,,307,
,00:17:47,177,41.0,01:28,98,378,,11709.10,,274,
,00:17:48,177,41.0,01:28,98,378,,11720.40,,288,
,00:17:49,177,41.1,01:28,98,378,,11731.50,,356,
,00:17:50,177,41.2,01:27,98,378,,11743.10,,342,
,00:17:51,177,41.4,01:27,99,378,,11754.60,,312,
,00:17:52,177,41.5,01:27,98,378,,11766.20,,263,
,00:17:53,177,41.6,01:27,98,378,,11778.00,,275,
,00:17:54,176,41.6,01:27,98,378,,11789.40,,270,
,00:17:55,176,41.5,01:27,98,378,,11801.10,,294,
,00:17:56,177,41.3,01:27,97,378,,11812.60,,390,
,00:17:57,177,41.1,01:28,98,378,,11823.80,,311,
,00:17:58,177,41.0,01:28,98,378,,11835.20,,324,
,00:17:59,177,40.9,01:28,98,378,,11846.30,,311,
,00:18:00,177,40.9,01:28,97,378,,11857.50,,283,
,00:18:01,177,40.9,01:28,97,378,,11868.70,,284,
,00:18:02,177,41.0,01:28,96,378,,11879.90,,237,
,00:18:03,178,41.1,01:28,96,378,,11891.30,,283,
,00:18:04,178,41.1,01:28,94,378,,11902.60,,371,
,00:18:05,178,41.1,01:28,92,378,,11913.80,,339,
,00:18:06,178,41.0,01:28,90,378,,11924.00,,299,
,00:18:07,178,41.0,01:28,90,377,,11936.30,,298,
,00:18:08,178,41.0,01:28,90,377,,11947.70,,265,
,00:18:09,178,40.9,01:28,90,377,,11959.00,,293,
,00:18:10,178,40.9,01:28,89,377,,11970.30,,283,
,00:18:11,178,40.9,01:28,89,377,,11981.60,,298,
,00:18:12,179,40.8,01:28,88,377,,11992.90,,301,
,00:18:13,179,40.7,01:28,88,377,,12004.10,,301,
,00:18:14,179,40.6,01:29,88,377,,12015.30,,305,
,00:18:15,179,40.4,01:29,89,377,,12026.30,,292,
,00:18:16,179,40.3,01:29,89,377,,12037.30,,279,
,00:18:17,179,40.3,01:29,89,377,,12048.30,,309,
,00:18:18,179,40.3,01:29,89,377,,12059.50,,322,
,00:18:19,179,40.4,01:29,90,377,,12070.40,,295,
,00:18:20,178,40.5,01:29,90,377,,12081.70,,314,
,00:18:21,178,40.6,01:29,90,377,,12092.90,,323,
,00:18:22,178,40.6,01:29,90,377,,12104.20,,345,
,00:18:23,178,40.7,01:29,90,377,,12115.70,,328,
,00:18:24,178,40.7,01:29,90,377,,12128.10,,354,
,00:18:25,178,40.7,01:29,90,377,,12138.60,,329,
,00:18:26,178,40.7,01:29,90,377,,12149.80,,315,
,00:18:27,178,40.7,01:28,90,377,,12160.90,,341,
,00:18:28,178,40.7,01:28,90,377,,12172.30,,333,
,00:18:29,178,40.7,01:28,88,377,,12183.70,,310,
,00:18:30,179,40.7,01:29,88,377,,12194.80,,325,
,00:18:31,179,40.5,01:29,87,377,,12206.10,,354,
,00:18:32,179,40.3,01:29,87,377,,12217.00,,374,
,00:18:33,178,40.1,01:30,87,377,,12228.00,,393,
,00:18:34,178,40.0,01:30,87,377,,12239.00,,360,
,00:18:35,179,39.8,01:30,87,377,,12249.90,,364,
,00:18:36,179,39.8,01:31,87,377,,12260.70,,352,
,00:18:37,179,39.7,01:31,87,377,,12271.50,,332,
,00:18:38,179,39.7,01:31,87,377,,12282.20,,344,
,00:18:39,179,39.6,01:31,86,377,,12293.00,,310,
,00:18:40,179,39.5,01:31,85,377,,12303.90,,298,
,00:18:41,179,39.4,01:31,84,377,,12314.70,,294,
,00:18:42,178,39.2,01:32,84,376,,12325.50,,303,
,00:18:43,178,38.9,01:32,83,376,,12336.20,,280,
,00:18:44,178,38.7,01:33,83,376,,12346.70,,269,
,00:18:45,178,38.5,01:34,83,376,,12357.10,,279,
,00:18:46,178,38.5,01:34,82,376,,12367.50,,269,
,00:18:47,178,37.9,01:35,81,376,,12377.50,,279,
,00:18:48,178,37.9,01:35,81,376,,12387.60,,261,
,00:18:49,178,37.2,01:37,81,376,,12397.30,,265,
,00:18:50,177,36.9,01:38,83,376,,12406.30,,325,
,00:18:51,177,36.6,01:38,84,376,,12416.90,,313,
,00:18:52,177,36.4,01:39,84,376,,12426.50,,335,
,00:18:53,177,36.2,01:39,85,376,,12436.10,,371,
,00:18:54,177,36.2,01:40,86,376,,12445.80,,338,
,00:18:55,177,36.2,01:40,87,376,,12455.80,,277,
,00:18:56,177,36.3,01:39,87,376,,12465.70,,236,
,00:18:57,177,36.4,01:39,86,376,,12475.70,,290,
,00:18:58,176,36.4,01:39,86,376,,12485.90,,281,
,00:18:59,176,36.5,01:39,85,376,,12497.00,,296,
,00:19:00,176,36.4,01:39,85,376,,12506.30,,310,
,00:19:01,176,36.3,01:39,84,376,,12516.40,,358,
,00:19:02,175,36.1,01:40,84,376,,12526.40,,367,
,00:19:03,175,35.9,01:40,84,376,,12536.30,,336,
,00:19:04,174,35.8,01:41,85,376,,12546.00,,311,
,00:19:05,174,35.8,01:41,86,376,,12555.70,,355,
,00:19:06,174,35.8,01:41,86,376,,12565.50,,383,
,00:19:07,174,36.0,01:40,86,376,,12575.20,,360,
,00:19:08,174,36.1,01:40,87,376,,12585.10,,339,
,00:19:09,174,36.3,01:39,87,376,,12595.00,,337,
,00:19:10,175,36.4,01:39,87,376,,12605.00,,364,
,00:19:11,175,36.5,01:39,87,376,,12615.20,,325,
,00:19:12,175,36.6,01:38,87,375,,12625.30,,284,
,00:19:13,175,36.6,01:38,86,375,,12635.60,,318,
,00:19:14,176,36.7,01:38,87,375,,12645.90,,337,
,00:19:15,176,36.8,01:38,87,375,,12656.10,,363,
,00:19:16,176,36.8,01:38,87,375,,12666.30,,358,
,00:19:17,176,36.9,01:38,88,375,,12676.50,,330,
,00:19:18,177,36.9,01:38,88,375,,12686.80,,319,
,00:19:19,177,37.0,01:37,88,375,,12697.00,,305,
,00:19:20,177,37.1,01:37,89,375,,12707.40,,304,
,00:19:21,177,37.1,01:37,90,375,,12717.80,,320,
,00:19:22,177,37.4,01:36,91,375,,12728.10,,323,
,00:19:23,177,37.7,01:36,91,375,,12738.80,,331,
,00:19:24,178,37.9,01:35,92,375,,12749.50,,320,
,00:19:25,178,38.2,01:34,92,375,,12760.40,,330,
,00:19:26,178,38.5,01:34,93,374,,12771.10,,335,
,00:19:27,178,38.5,01:34,94,374,,12782.30,,283,
,00:19:28,178,38.9,01:33,94,374,,12793.20,,287,
,00:19:29,178,39.1,01:32,94,374,,12804.40,,305,
,00:19:30,178,39.1,01:32,95,374,,12815.60,,286,
,00:19:31,178,39.5,01:31,95,374,,12826.70,,305,
,00:19:32,178,39.7,01:31,95,374,,12838.10,,304,
,00:19:33,178,39.8,01:30,94,374,,12849.40,,290,
,00:19:34,178,39.8,01:30,94,373,,12860.60,,300,
,00:19:35,177,40.0,01:30,94,373,,12871.80,,288,
,00:19:36,177,39.9,01:30,93,373,,12883.10,,294,
,00:19:37,177,39.9,01:30,92,373,,12894.20,,323,
,00:19:38,177,39.7,01:31,90,373,,12905.20,,360,
,00:19:39,177,39.5,01:31,89,373,,12916.20,,359,
,00:19:40,177,39.2,01:32,89,373,,12926.90,,347,
,00:19:41,177,38.9,01:33,88,372,,12937.30,,362,
,00:19:42,177,38.6,01:33,88,372,,12947.70,,317,
,00:19:43,177,38.2,01:34,87,372,,12958.00,,291,
,00:19:44,177,37.9,01:35,87,372,,12968.00,,333,
,00:19:45,177,37.6,01:36,86,372,,12978.10,,313,
,00:19:46,177,37.2,01:37,85,372,,12988.00,,316,
,00:19:47,178,36.9,01:38,84,372,,12997.70,,365,
,00:19:48,178,36.5,01:39,83,372,,13007.40,,326,
,00:19:49,178,36.2,01:40,83,372,,13017.00,,324,
,00:19:50,178,35.9,01:40,83,372,,13026.60,,343,
,00:19:51,178,35.7,01:41,83,372,,13036.00,,330,
,00:19:52,178,35.5,01:41,83,372,,13045.40,,379,
,00:19:53,178,35.4,01:42,84,372,,13054.90,,404,
,00:19:54,177,35.3,01:42,84,372,,13064.20,,370,
,00:19:55,178,35.3,01:42,84,372,,13073.70,,349,
,00:19:56,177,35.4,01:42,85,372,,13083.50,,333,
,00:19:57,177,35.5,01:41,86,372,,13093.00,,334,
,00:19:58,177,35.8,01:41,87,372,,13102.80,,347,
,00:19:59,177,35.9,01:40,87,372,,13112.80,,320,
,00:20:00,178,36.2,01:39,89,372,,13123.00,,329,
,00:20:01,178,36.5,01:39,89,372,,13133.20,,317,
,00:20:02,178,36.7,01:38,89,372,,13143.50,,274,
,00:20:03,178,37.0,01:37,89,372,,13154.00,,291,
,00:20:04,178,37.3,01:37,89,372,,13164.60,,312,
,00:20:05,179,37.5,01:36,89,372,,13175.20,,319,
,00:20:06,179,37.7,01:35,90,372,,13186.10,,300,
,00:20:07,179,37.9,01:35,90,373,,13196.60,,289,
,00:20:08,179,38.0,01:35,91,373,,13207.50,,326,
,00:20:09,179,38.2,01:34,90,373,,13218.10,,298,
,00:20:10,179,38.3,01:34,91,373,,13229.00,,322,
,00:20:11,179,38.5,01:34,91,373,,13239.90,,308,
,00:20:12,178,38.6,01:33,92,373,,13250.70,,325,
,00:20:13,178,38.7,01:33,93,373,,13261.60,,315,
,00:20:14,178,38.9,01:33,93,373,,13272.30,,264,
,00:20:15,178,39.1,01:32,93,373,,13283.50,,312,
,00:20:16,178,39.2,01:32,94,373,,13294.60,,312,
,00:20:17,178,39.5,01:31,95,373,,13305.60,,301,
,00:20:18,178,39.6,01:31,96,373,,13316.70,,266,
,00:20:19,178,39.8,01:30,96,374,,13328.00,,255,
,00:20:20,178,39.8,01:30,96,374,,13339.30,,241,
,00:20:21,178,40.0,01:30,96,374,,13350.50,,291,
,00:20:22,178,40.4,01:29,96,374,,13361.90,,267,
,00:20:23,178,40.5,01:29,96,374,,13373.60,,264,
,00:20:24,177,40.8,01:28,97,374,,13384.90,,285,
,00:20:25,177,40.9,01:28,96,374,,13396.50,,289,
,00:20:26,177,41.1,01:28,93,374,,13408.10,,431,
,00:20:27,177,41.1,01:28,91,374,,13419.80,,341,
,00:20:28,177,41.2,01:27,90,374,,13431.20,,269,
,00:20:29,177,41.1,01:28,90,374,,13442.40,,286,
,00:20:30,177,41.1,01:28,90,374,,13453.90,,282,
,00:20:31,177,41.1,01:28,90,374,,13465.20,,323,
,00:20:32,177,41.1,01:28,90,374,,13476.70,,365,
,00:20:33,177,41.2,01:27,90,374,,13488.30,,322,
,00:20:34,177,41.3,01:27,90,373,,13499.60,,297,
,00:20:35,177,41.3,01:27,90,373,,13510.90,,291,
,00:20:36,178,41.2,01:27,90,373,,13522.20,,286,
,00:20:37,178,41.1,01:28,89,373,,13533.60,,273,
,00:20:38,178,41.0,01:28,89,373,,13545.10,,268,
,00:20:39,178,40.9,01:28,89,373,,13556.10,,292,
,00:20:40,178,40.8,01:28,89,373,,13567.50,,320,
,00:20:41,178,40.7,01:28,88,373,,13578.60,,326,
,00:20:42,178,40.6,01:29,88,373,,13589.40,,325,
,00:20:43,178,40.5,01:29,88,373,,13600.40,,301,
,00:20:44,178,40.3,01:29,88,373,,13611.30,,302,
,00:20:45,178,40.1,01:30,87,373,,13622.20,,291,
,00:20:46,178,40.0,01:30,87,373,,13632.80,,286,
,00:20:47,178,39.9,01:30,86,373,,13643.50,,288,
,00:20:48,178,39.7,01:31,85,372,,13654.40,,288,
,00:20:49,178,39.5,01:31,87,372,,13665.00,,351,
,00:20:50,177,39.3,01:32,88,372,,13675.50,,348,
,00:20:51,177,38.9,01:32,88,372,,13686.00,,314,
,00:20:52,177,38.6,01:33,88,372,,13696.20,,284,
,00:20:53,177,38.4,01:34,87,372,,13706.40,,268,
,00:20:54,177,38.0,01:35,86,372,,13716.80,,293,
,00:20:55,177,37.7,01:36,85,371,,13727.00,,301,
,00:20:56,177,37.4,01:36,85,371,,13737.00,,319,
,00:20:57,177,37.0,01:37,89,371,,13746.70,,359,
,00:20:58,177,36.7,01:38,92,371,,13756.50,,347,
,00:20:59,176,36.4,01:39,93,371,,13766.20,,289,
,00:21:00,176,36.1,01:40,93,371,,13775.90,,294,
,00:21:01,176,35.8,01:41,91,370,,13785.40,,306,
,00:21:02,176,35.4,01:42,90,370,,13794.90,,311,
,00:21:03,176,35.4,01:42,89,370,,13804.10,,311,
,00:21:04,176,35.1,01:43,89,370,,13813.20,,299,
,00:21:05,176,34.2,01:45,88,370,,13822.40,,355,
,00:21:06,176,34.2,01:45,88,370,,13831.30,,359,
,00:21:07,176,33.9,01:46,87,370,,13840.00,,325,
,00:21:08,176,33.5,01:47,87,370,,13848.80,,320,
,00:21:09,176,33.1,01:49,86,369,,13857.40,,263,
,00:21:10,176,32.6,01:50,90,369,,13866.10,,303,
,00:21:11,176,32.6,01:50,93,369,,13874.70,,314,
,00:21:12,176,32.3,01:51,93,369,,13883.10,,299,
,00:21:13,177,31.8,01:53,93,369,,13891.50,,300,
,00:21:14,177,31.8,01:53,93,369,,13900.00,,314,
,00:21:15,177,31.3,01:55,92,369,,13908.40,,311,
,00:21:16,177,31.3,01:55,92,368,,13916.80,,302,
,00:21:17,177,30.9,01:56,91,368,,13924.90,,314,
,00:21:18,177,30.9,01:56,90,368,,13933.30,,324,
,00:21:19,177,30.7,01:57,90,368,,13941.50,,366,
,00:21:20,177,30.5,01:58,90,368,,13949.50,,330,
,00:21:21,177,30.3,01:59,89,367,,13957.60,,330,
,00:21:22,177,30.0,02:00,89,367,,13965.80,,328,
,00:21:23,177,29.9,02:01,88,367,,13973.90,,346,
,00:21:24,177,29.8,02:01,87,367,,13981.90,,352,
,00:21:25,177,29.7,02:01,86,367,,13990.00,,346,
,00:21:26,177,29.6,02:02,86,367,,13998.10,,347,
,00:21:27,177,29.5,02:02,86,367,,14006.10,,343,
,00:21:28,178,29.4,02:03,87,367,,14014.00,,356,
,00:21:29,177,29.2,02:03,87,367,,14022.10,,333,
,00:21:30,177,29.2,02:03,88,367,,14030.00,,332,
,00:21:31,177,29.2,02:03,88,367,,14038.00,,352,
,00:21:32,178,29.1,02:04,88,367,,14046.00,,322,
,00:21:33,177,29.1,02:04,88,367,,14054.00,,314,
,00:21:34,177,29.1,02:04,89,367,,14061.80,,303,
,00:21:35,178,29.1,02:04,89,367,,14069.80,,371,
,00:21:36,177,29.1,02:04,90,367,,14077.80,,368,
,00:21:37,177,29.2,02:03,91,367,,14086.00,,342,
,00:21:38,177,29.2,02:03,92,367,,14094.10,,335,
,00:21:39,177,29.5,02:02,92,367,,14102.40,,321,
,00:21:40,177,29.5,02:02,92,367,,14110.90,,297,
,00:21:41,177,29.7,02:01,92,367,,14119.10,,294,
,00:21:42,177,29.9,02:00,92,367,,14127.60,,300,
,00:21:43,177,30.0,02:00,92,367,,14136.30,,309,
,00:21:44,178,30.3,01:59,94,367,,14144.70,,323,
,00:21:45,178,30.3,01:59,94,367,,14153.40,,273,
,00:21:46,178,30.5,01:58,95,367,,14162.20,,293,
,00:21:47,178,30.7,01:57,96,367,,14171.00,,278,
,00:21:48,178,31.2,01:55,98,367,,14179.70,,248,
,00:21:49,178,31.2,01:55,99,367,,14188.80,,232,
,00:21:50,178,31.7,01:54,99,367,,14197.50,,219,
,00:21:51,178,32.0,01:53,101,367,,14206.70,,286,
,00:21:52,178,32.3,01:51,99,367,,14216.10,,257,
,00:21:53,178,32.7,01:50,96,367,,14225.50,,314,
,00:21:54,178,33.1,01:49,95,367,,14235.10,,311,
,00:21:55,178,33.5,01:47,95,367,,14244.60,,253,
,00:21:56,177,33.9,01:46,95,368,,14254.40,,262,
,00:21:57,177,33.9,01:46,96,368,,14264.40,,273,
,00:21:58,176,34.6,01:44,96,368,,14274.20,,231,
,00:21:59,176,34.6,01:44,96,368,,14284.50,,280,
,00:22:00,176,34.9,01:43,96,368,,14294.70,,261,
,00:22:01,176,35.2,01:42,97,368,,14304.80,,328,
,00:22:02,176,35.4,01:42,97,368,,14315.10,,257,
,00:22:03,176,35.8,01:41,98,368,,14325.10,,250,
,00:22:04,176,35.8,01:41,99,368,,14335.50,,284,
,00:22:05,176,36.3,01:39,94,368,,14345.70,,290,
,00:22:06,175,36.3,01:39,92,368,,14356.10,,244,
,00:22:07,175,36.6,01:38,92,368,,14366.70,,255,
,00:22:08,175,36.9,01:38,92,368,,14377.10,,254,
,00:22:09,175,37.3,01:37,93,368,,14387.90,,249,
,00:22:10,175,37.6,01:36,94,368,,14398.80,,276,
,00:22:11,175,38.0,01:35,94,368,,14409.80,,257,
,00:22:12,174,38.7,01:33,94,368,,14421.00,,296,
,00:22:13,174,38.7,01:33,94,368,,14432.20,,285,
,00:22:14,174,39.2,01:32,94,368,,14443.40,,257,
,00:22:15,174,39.2,01:32,95,368,,14454.70,,299,
,00:22:16,174,39.4,01:31,95,368,,14466.00,,277,
,00:22:17,174,39.7,01:31,97,368,,14477.30,,293,
,00:22:18,174,40.3,01:29,97,368,,14488.90,,270,
,00:22:19,174,40.5,01:29,97,368,,14500.30,,262,
,00:22:20,174,40.7,01:29,98,368,,14511.70,,262,
,00:22:21,174,40.8,01:28,98,368,,14523.00,,278,
,00:22:22,174,41.0,01:28,99,368,,14534.50,,272,
,00:22:23,174,41.2,01:27,99,368,,14546.10,,235,
,00:22:24,174,41.5,01:27,99,368,,14557.70,,251,
,00:22:25,174,41.5,01:27,100,368,,14569.30,,257,
,00:22:26,174,41.6,01:26,101,369,,14581.00,,284,
,00:22:27,174,41.9,01:26,102,369,,14592.50,,255,
,00:22:28,174,42.1,01:26,97,369,,14604.40,,335,
,00:22:29,174,42.3,01:25,97,369,,14616.40,,286,
,00:22:30,174,42.9,01:24,97,369,,14628.30,,307,
,00:22:31,174,42.9,01:24,98,369,,14640.70,,265,
,00:22:32,174,43.2,01:23,98,369,,14652.80,,302,
,00:22:33,174,43.8,01:22,97,369,,14665.20,,377,
,00:22:34,174,43.8,01:22,96,369,,14677.90,,370,
,00:22:35,174,44.5,01:21,95,369,,14690.40,,302,
,00:22:36,175,44.9,01:20,96,369,,14703.50,,335,
,00:22:37,175,44.9,01:20,97,369,,14716.30,,306,
,00:22:38,175,45.4,01:19,98,369,,14729.40,,287,
,00:22:39,175,45.9,01:19,97,369,,14742.70,,333,
,00:22:40,175,46.8,01:17,98,369,,14756.10,,287,
,00:22:41,175,46.8,01:17,98,369,,14769.80,,314,
,00:22:42,175,47.5,01:16,99,369,,14783.40,,292,
,00:22:43,175,47.5,01:16,99,369,,14797.00,,335,
,00:22:44,176,48.1,01:15,99,369,,14810.90,,325,
,00:22:45,176,48.3,01:15,100,369,,14824.80,,317,
,00:22:46,176,48.3,01:15,100,369,,14838.60,,280,
,00:22:47,176,48.7,01:14,100,369,,14852.10,,313,
,00:22:48,176,48.7,01:14,101,369,,14866.00,,291,
,00:22:49,176,48.8,01:14,101,369,,14879.70,,267,
,00:22:50,177,49.0,01:14,100,369,,14893.40,,271,
,00:22:51,176,49.1,01:13,100,369,,14907.20,,246,
,00:22:52,176,49.2,01:13,100,369,,14920.90,,305,
,00:22:53,176,49.2,01:13,99,369,,14934.30,,247,
,00:22:54,176,49.2,01:13,99,369,,14947.70,,269,
,00:22:55,176,49.0,01:14,98,369,,14961.20,,266,
,00:22:56,176,48.8,01:14,98,369,,14974.40,,262,
,00:22:57,175,48.6,01:14,97,368,,14987.50,,256,
,00:22:58,175,48.4,01:14,96,368,,15000.50,,246,
,00:22:59,176,48.2,01:15,95,368,,15013.50,,237,
,00:23:00,175,47.9,01:15,95,368,,15026.20,,278,
,00:23:01,175,47.9,01:15,94,368,,15038.90,,362,
,00:23:02,175,47.3,01:16,93,368,,15051.40,,316,
,00:23:03,175,47.3,01:16,92,368,,15063.80,,336,
,00:23:04,175,46.9,01:17,91,368,,15076.20,,325,
,00:23:05,175,46.2,01:18,90,368,,15088.70,,311,
,00:23:06,175,45.8,01:19,90,368,,15101.00,,315,
,00:23:07,174,45.5,01:19,89,367,,15113.10,,310,
,00:23:08,175,45.1,01:20,98,367,,15125.10,,294,
,00:23:09,174,45.1,01:20,96,367,,15137.30,,390,
,00:23:10,174,44.3,01:21,94,367,,15149.10,,343,
,00:23:11,174,44.0,01:22,93,367,,15162.10,,317,
,00:23:12,174,43.6,01:23,93,367,,15172.80,,299,
,00:23:13,174,43.6,01:23,93,367,,15185.50,,289,
,00:23:14,174,43.2,01:23,92,367,,15195.80,,317,
,00:23:15,174,43.0,01:24,92,367,,15207.40,,356,
,00:23:16,174,42.8,01:24,92,366,,15218.70,,335,
,00:23:17,174,42.6,01:24,92,366,,15230.00,,328,
,00:23:18,174,42.3,01:25,92,366,,15241.40,,339,
,00:23:19,174,42.3,01:25,92,366,,15254.00,,340,
,00:23:20,174,42.1,01:26,92,366,,15263.20,,320,
,00:23:21,174,42.0,01:26,91,366,,15275.50,,337,
,00:23:22,175,41.7,01:26,91,366,,15285.80,,324,
,00:23:23,175,41.7,01:26,91,366,,15298.50,,314,
,00:23:24,175,41.6,01:27,91,366,,15309.70,,301,
,00:23:25,175,41.5,01:27,91,366,,15320.80,,310,
,00:23:26,175,41.4,01:27,91,365,,15332.40,,321,
,00:23:27,175,41.3,01:27,91,365,,15344.70,,311,
,00:23:28,175,41.2,01:27,91,365,,15353.60,,324,
,00:23:29,175,41.2,01:27,91,365,,15366.20,,345,
,00:23:30,175,41.2,01:27,91,365,,15377.60,,303,
,00:23:31,174,41.2,01:27,91,365,,15389.00,,306,
,00:23:32,174,41.3,01:27,91,365,,15400.40,,283,
,00:23:33,174,41.4,01:27,90,365,,15411.90,,328,
,00:23:34,174,41.4,01:27,89,365,,15423.30,,312,
,00:23:35,174,41.3,01:27,88,365,,15434.70,,292,
,00:23:36,174,41.2,01:27,87,365,,15446.10,,296,
,00:23:37,174,40.9,01:28,87,365,,15457.30,,320,
,00:23:38,174,40.7,01:29,86,365,,15468.50,,304,
,00:23:39,174,40.4,01:29,86,365,,15480.70,,309,
,00:23:40,174,39.9,01:30,86,365,,15490.50,,330,
,00:23:41,174,39.9,01:30,85,365,,15501.10,,288,
,00:23:42,173,39.4,01:31,85,365,,15511.60,,291,
,00:23:43,174,39.2,01:32,85,365,,15522.10,,313,
,00:23:44,173,39.2,01:32,85,365,,15533.60,,315,
,00:23:45,174,38.8,01:33,85,365,,15541.70,,292,
,00:23:46,174,38.7,01:33,85,365,,15553.60,,306,
,00:23:47,174,38.7,01:33,85,365,,15565.30,,287,
,00:23:48,174,38.6,01:33,85,365,,15574.80,,301,
,00:23:49,174,38.5,01:34,85,365,,15585.40,,282,
,00:23:50,174,38.4,01:34,85,365,,15595.90,,281,
,00:23:51,174,38.4,01:34,86,365,,15607.40,,257,
,00:23:52,174,38.4,01:34,86,365,,15617.10,,299,
,00:23:53,173,38.5,01:33,86,365,,15626.40,,291,
,00:23:54,173,38.6,01:33,87,365,,15638.10,,310,
,00:23:55,173,38.8,01:33,87,365,,15648.80,,263,
,00:23:56,173,38.9,01:33,87,365,,15659.60,,336,
,00:23:57,173,38.9,01:33,88,365,,15670.70,,308,
,00:23:58,174,39.2,01:32,88,365,,15681.60,,305,
,00:23:59,174,39.3,01:32,88,365,,15692.80,,304,
,00:24:00,174,39.4,01:31,88,365,,15704.20,,321,
,00:24:01,174,39.4,01:31,88,365,,15716.60,,350,
,00:24:02,174,39.5,01:31,88,365,,15727.70,,351,
,00:24:03,174,39.5,01:31,88,365,,15737.70,,307,
,00:24:04,174,39.5,01:31,88,365,,15749.70,,293,
,00:24:05,174,39.5,01:31,88,365,,15758.60,,283,
,00:24:06,174,39.5,01:31,89,365,,15770.60,,315,
,00:24:07,175,39.6,01:31,89,365,,15781.50,,331,
,00:24:08,174,39.7,01:31,90,365,,15793.70,,301,
,00:24:09,175,39.7,01:31,90,365,,15803.70,,277,
,00:24:10,175,40.0,01:30,90,365,,15814.80,,258,
,00:24:11,175,40.0,01:30,90,365,,15824.90,,267,
,00:24:12,175,40.3,01:29,89,365,,15837.20,,298,
,00:24:13,175,40.3,01:29,89,365,,15848.50,,273,
,00:24:14,175,40.4,01:29,89,365,,15859.80,,343,
,00:24:15,175,40.4,01:29,90,365,,15869.60,,312,
,00:24:16,175,40.5,01:29,90,364,,15881.80,,295,
,00:24:17,175,40.5,01:29,91,364,,15891.80,,282,
,00:24:18,175,40.5,01:29,91,364,,15902.90,,267,
,00:24:19,175,40.6,01:29,91,364,,15915.30,,245,
,00:24:20,174,40.7,01:29,91,364,,15926.70,,296,
,00:24:21,174,40.7,01:28,91,364,,15938.10,,277,
,00:24:22,174,40.8,01:28,91,364,,15948.20,,295,
,00:24:23,174,41.0,01:28,91,364,,15960.60,,317,
,00:24:24,174,41.0,01:28,91,364,,15972.10,,290,
,00:24:25,173,41.1,01:28,92,364,,15983.40,,313,
,00:24:26,173,41.1,01:28,92,364,,15995.00,,264,
,00:24:27,173,41.1,01:28,92,364,,16007.50,,293,
,00:24:28,173,41.1,01:28,92,364,,16016.70,,261,
,00:24:29,173,41.3,01:27,92,364,,16029.30,,269,
,00:24:30,174,41.3,01:27,92,364,,16041.00,,344,
,00:24:31,174,41.4,01:27,92,364,,16052.50,,325,
,00:24:32,173,41.5,01:27,93,364,,16063.90,,331,
,00:24:33,173,41.6,01:27,93,364,,16075.40,,331,
,00:24:34,173,41.7,01:26,93,364,,16087.00,,303,
,00:24:35,173,41.7,01:26,93,364,,16098.50,,293,
,00:24:36,173,41.8,01:26,92,364,,16109.10,,306,
,00:24:37,174,41.9,01:26,92,364,,16122.00,,332,
,00:24:38,174,41.9,01:26,92,364,,16133.60,,355,
,00:24:39,174,41.9,01:26,93,364,,16145.10,,340,
,00:24:40,174,41.9,01:26,93,364,,16156.60,,325,
,00:24:41,174,41.9,01:26,94,364,,16168.30,,295,
,00:24:42,174,42.1,01:26,94,364,,16180.10,,308,
,00:24:43,174,42.2,01:25,94,364,,16191.80,,274,
,00:24:44,174,42.3,01:25,94,364,,16203.50,,268,
,00:24:45,173,42.5,01:25,94,364,,16215.30,,281,
,00:24:46,173,42.6,01:25,94,364,,16227.20,,341,
,00:24:47,173,42.7,01:24,94,364,,16239.20,,286,
,00:24:48,173,42.8,01:24,94,364,,16251.30,,284,
,00:24:49,173,42.8,01:24,94,364,,16263.30,,260,
,00:24:50,173,42.8,01:24,94,364,,16275.30,,279,
,00:24:51,173,42.8,01:24,94,364,,16287.00,,278,
,00:24:52,173,42.8,01:24,94,364,,16298.90,,275,
,00:24:53,173,42.7,01:24,94,364,,16310.80,,293,
,00:24:54,173,42.6,01:25,94,364,,16322.40,,265,
,00:24:55,173,42.6,01:25,94,364,,16334.20,,266,
,00:24:56,173,42.6,01:25,94,364,,16347.20,,301,
,00:24:57,173,42.5,01:25,95,364,,16357.90,,298,
,00:24:58,173,42.5,01:25,95,364,,16369.70,,271,
,00:24:59,173,42.6,01:25,95,364,,16382.70,,275,
,00:25:00,172,42.8,01:24,95,364,,16393.70,,310,
,00:25:01,172,42.8,01:24,96,364,,16406.90,,282,
,00:25:02,172,42.9,01:24,96,364,,16417.80,,307,
,00:25:03,172,43.0,01:24,96,364,,16431.20,,321,
,00:25:04,172,43.1,01:23,96,364,,16443.40,,310,
,00:25:05,172,43.2,01:23,96,364,,16453.00,,327,
,00:25:06,172,43.3,01:23,96,364,,16466.20,,316,
,00:25:07,173,43.4,01:23,96,364,,16478.20,,312,
,00:25:08,173,43.4,01:23,96,364,,16489.00,,308,
,00:25:09,173,43.4,01:23,96,364,,16502.00,,324,
,00:25:10,173,43.5,01:23,96,364,,16512.70,,312,
,00:25:11,174,43.5,01:23,96,364,,16525.90,,292,
,00:25:12,174,43.5,01:23,96,364,,16536.70,,281,
,00:25:13,174,43.5,01:23,95,363,,16548.50,,342,
,00:25:14,175,43.4,01:23,95,363,,16561.90,,330,
,00:25:15,175,43.4,01:23,95,363,,16573.90,,334,
,00:25:16,175,43.4,01:23,95,364,,16585.70,,335,
,00:25:17,175,43.3,01:23,95,364,,16597.60,,327,
,00:25:18,175,43.2,01:23,94,364,,16609.50,,315,
,00:25:19,175,43.1,01:23,94,364,,16621.20,,302,
,00:25:20,175,43.0,01:24,94,364,,16632.90,,315,
,00:25:21,175,42.9,01:24,93,364,,16644.40,,319,
,00:25:22,175,42.7,01:24,93,364,,16655.90,,296,
,00:25:23,175,42.6,01:24,93,364,,16667.30,,317,
,00:25:24,175,42.5,01:25,93,364,,16678.70,,289,
,00:25:25,175,42.4,01:25,92,363,,16690.10,,323,
,00:25:26,175,42.3,01:25,92,363,,16701.40,,336,
,00:25:27,175,42.2,01:25,92,363,,16712.70,,335,
,00:25:28,175,42.0,01:26,91,363,,16724.10,,301,
,00:25:29,175,41.9,01:26,91,363,,16735.30,,251,
,00:25:30,175,41.9,01:26,90,363,,16746.80,,331,
,00:25:31,175,41.8,01:26,90,363,,16758.30,,359,
,00:25:32,176,41.7,01:26,90,363,,16769.70,,347,
,00:25:33,176,41.7,01:26,90,363,,16781.00,,328,
,00:25:34,176,41.5,01:27,89,363,,16792.40,,305,
,00:25:35,176,41.4,01:27,89,363,,16803.70,,335,
,00:25:36,176,41.3,01:27,89,363,,16815.00,,324,
,00:25:37,176,41.1,01:28,89,363,,16826.30,,334,
,00:25:38,176,41.0,01:28,89,363,,16837.60,,332,
,00:25:39,176,40.9,01:28,89,363,,16848.60,,339,
,00:25:40,176,40.8,01:28,89,363,,16859.60,,312,
,00:25:41,176,40.7,01:28,89,363,,16870.90,,288,
,00:25:42,176,40.8,01:28,89,363,,16882.20,,310,
,00:25:43,176,40.8,01:28,89,363,,16893.50,,335,
,00:25:44,176,40.9,01:28,89,363,,16904.90,,339,
,00:25:45,176,40.8,01:28,89,364,,16916.10,,317,
,00:25:46,176,40.8,01:28,89,364,,16927.00,,306,
,00:25:47,176,40.7,01:28,89,364,,16938.40,,285,
,00:25:48,177,40.6,01:29,89,364,,16949.70,,255,
,00:25:49,177,40.5,01:29,89,364,,16960.80,,305,
,00:25:50,177,40.5,01:29,88,364,,16971.90,,270,
,00:25:51,177,40.5,01:29,88,364,,16983.20,,264,
,00:25:52,177,40.5,01:29,87,364,,16994.30,,249,
,00:25:53,176,40.4,01:29,87,364,,17005.20,,233,
,00:25:54,176,40.4,01:29,87,364,,17016.30,,269,
,00:25:55,176,40.2,01:30,87,364,,17027.50,,270,
,00:25:56,176,40.1,01:30,87,364,,17038.50,,253,
,00:25:57,176,39.9,01:30,87,365,,17050.50,,251,
,00:25:58,176,39.8,01:30,87,365,,17060.60,,316,
,00:25:59,175,39.7,01:31,87,365,,17072.80,,322,
,00:26:00,176,39.6,01:31,88,365,,17082.50,,302,
,00:26:01,175,39.6,01:31,88,365,,17093.20,,304,
,00:26:02,175,39.6,01:31,88,365,,17104.00,,326,
,00:26:03,175,39.6,01:31,89,365,,17115.00,,357,
,00:26:04,175,39.6,01:31,89,365,,17125.90,,347,
,00:26:05,175,39.7,01:31,89,365,,17138.10,,368,
,00:26:06,175,39.7,01:31,89,365,,17148.10,,387,
,00:26:07,175,39.8,01:30,90,365,,17159.30,,349,
,00:26:08,175,39.8,01:31,90,365,,17170.30,,348,
,00:26:09,176,39.7,01:31,90,365,,17182.20,,375,
,00:26:10,176,39.7,01:31,90,366,,17191.60,,350,
,00:26:11,176,39.6,01:31,91,366,,17201.60,,341,
,00:26:12,176,39.6,01:31,92,366,,17212.20,,352,
,00:26:13,176,39.8,01:31,93,366,,17220.80,,279,
,00:26:14,176,40.1,01:30,93,366,,17230.30,,263,
,00:26:15,176,40.8,01:28,94,366,,17239.30,,249,
,00:26:16,176,41.6,01:27,94,366,,17251.30,,257,
,00:26:17,176,42.6,01:25,94,366,,17263.50,,252,
,00:26:18,176,43.5,01:23,95,366,,17275.20,,318,
,00:26:19,176,44.2,01:22,95,366,,17289.10,,289,
,00:26:20,176,44.6,01:21,96,366,,17302.40,,332,
,00:26:21,176,44.8,01:20,96,366,,17314.80,,284,
,00:26:22,176,44.9,01:20,92,366,,17329.10,,360,
,00:26:23,176,45.0,01:20,92,366,,17341.10,,282,
,00:26:24,176,45.1,01:20,92,366,,17355.20,,253,
,00:26:25,176,45.4,01:19,92,366,,17367.90,,227,
,00:26:26,176,45.7,01:19,92,366,,17380.80,,302,
,00:26:27,175,45.9,01:18,93,366,,17395.20,,293,
,00:26:28,175,46.1,01:18,93,366,,17407.00,,320,
,00:26:29,176,46.2,01:18,94,366,,17420.00,,293,
,00:26:30,176,46.3,01:18,95,366,,17433.00,,291,
,00:26:31,175,46.3,01:18,95,366,,17446.10,,234,
,00:26:32,175,46.4,01:18,96,366,,17460.50,,208,
,00:26:33,175,46.5,01:17,96,366,,17472.20,,201,
,00:26:34,175,46.7,01:17,96,366,,17485.10,,185,
,00:26:35,175,46.8,01:17,96,366,,17496.70,,171,
,00:26:36,174,47.0,01:17,96,366,,17509.70,,286,
,00:26:37,175,47.2,01:16,96,366,,17524.10,,246,
,00:26:38,174,47.3,01:16,97,366,,17537.30,,426,
,00:26:39,174,47.4,01:16,95,366,,17550.80,,407,
,00:26:40,174,47.4,01:16,94,366,,17565.20,,493,
,00:26:41,174,47.5,01:16,93,366,,17575.90,,334,
,00:26:42,175,47.7,01:16,93,365,,17590.50,,331,
,00:26:43,175,47.9,01:15,93,365,,17603.80,,238,
,00:26:44,175,48.2,01:15,92,365,,17617.40,,210,
,00:26:45,175,48.5,01:14,91,365,,17630.70,,244,
,00:26:46,175,48.7,01:14,90,365,,17644.20,,284,
,00:26:47,175,48.8,01:14,90,365,,17657.60,,334,
,00:26:48,175,48.8,01:14,90,365,,17671.30,,339,
,00:26:49,175,48.7,01:14,89,365,,17683.50,,336,
,00:26:50,175,48.5,01:14,89,365,,17698.20,,287,
,00:26:51,175,48.4,01:14,89,365,,17711.50,,284,
,00:26:52,175,48.3,01:15,89,365,,17724.80,,299,
,00:26:53,176,48.2,01:15,89,365,,17738.00,,266,
,00:26:54,175,48.1,01:15,88,365,,17751.10,,339,
,00:26:55,175,48.0,01:15,88,365,,17764.00,,325,
,00:26:56,175,47.9,01:15,88,365,,17777.00,,292,
,00:26:57,176,47.7,01:15,87,365,,17790.10,,323,
,00:26:58,176,47.5,01:16,87,365,,17804.50,,331,
,00:26:59,175,47.3,01:16,87,365,,17816.10,,302,
,00:27:00,175,47.1,01:16,86,365,,17829.00,,333,
,00:27:01,175,46.8,01:17,86,365,,17841.40,,293,
,00:27:02,175,46.6,01:17,86,365,,17854.00,,298,
,00:27:03,175,46.4,01:18,85,365,,17866.50,,304,
,00:27:04,175,46.2,01:18,85,365,,17879.00,,295,
,00:27:05,175,46.0,01:18,84,365,,17892.60,,299,
,00:27:06,175,45.9,01:18,84,365,,17903.90,,281,
,00:27:07,175,45.7,01:19,84,365,,17914.70,,280,
,00:27:08,175,45.5,01:19,84,365,,17928.30,,277,
,00:27:09,175,45.3,01:20,85,365,,17940.50,,325,
,00:27:10,175,45.1,01:20,84,365,,17952.80,,296,
,00:27:11,175,45.0,01:20,83,365,,17966.50,,352,
,00:27:12,175,44.9,01:20,83,365,,17977.50,,389,
,00:27:13,175,44.8,01:20,84,365,,17989.50,,265,
,00:27:14,175,44.7,01:21,83,365,,18000.10,,315,
,00:27:15,175,44.6,01:21,83,365,,18014.50,,334,
,00:27:16,175,44.5,01:21,83,365,,18025.30,,369,
,00:27:17,175,44.4,01:21,83,365,,18037.30,,330,
,00:27:18,175,44.4,01:21,84,365,,18049.00,,327,
,00:27:19,175,44.4,01:21,84,365,,18060.80,,308,
,00:27:20,176,44.3,01:21,84,365,,18071.20,,296,
,00:27:21,176,44.2,01:21,84,365,,18084.00,,268,
,00:27:22,176,44.2,01:21,83,365,,18096.00,,267,
,00:27:23,176,44.4,01:21,83,365,,18108.40,,247,
,00:27:24,176,44.6,01:21,82,365,,18121.40,,233,
,00:27:25,176,44.8,01:20,81,365,,18134.00,,256,
,00:27:26,176,44.9,01:20,81,365,,18146.40,,274,
,00:27:27,176,44.9,01:20,81,365,,18158.80,,253,
,00:27:28,175,44.6,01:21,80,365,,18171.00,,259,
,00:27:29,175,44.3,01:21,79,365,,18183.10,,188,
,00:27:30,175,43.9,01:22,81,365,,18195.10,,333,
,00:27:31,175,43.5,01:23,83,365,,18206.80,,381,
,00:27:32,175,43.2,01:23,84,365,,18218.30,,345,
,00:27:33,175,42.8,01:24,84,365,,18227.80,,320,
,00:27:34,175,42.4,01:25,84,365,,18240.20,,336,
,00:27:35,175,42.1,01:26,85,365,,18251.00,,245,
,00:27:36,175,41.8,01:26,85,365,,18262.30,,244,
,00:27:37,175,41.6,01:27,84,365,,18273.50,,244,
,00:27:38,175,41.5,01:27,84,365,,18284.70,,257,
,00:27:39,174,41.5,01:27,84,365,,18295.90,,228,
,00:27:40,174,41.4,01:27,84,365,,18307.20,,286,
,00:27:41,174,41.4,01:27,84,365,,18318.40,,297,
,00:27:42,174,41.2,01:27,84,365,,18329.40,,344,
,00:27:43,174,41.0,01:28,85,365,,18340.60,,347,
,00:27:44,174,40.9,01:28,85,365,,18351.90,,333,
,00:27:45,174,40.7,01:28,85,365,,18362.90,,333,
,00:27:46,174,40.7,01:28,86,365,,18374.00,,356,
,00:27:47,174,40.8,01:28,86,365,,18385.30,,343,
,00:27:48,174,40.9,01:28,86,365,,18395.90,,305,
,00:27:49,174,41.1,01:28,86,366,,18407.90,,285,
,00:27:50,174,41.3,01:27,85,366,,18419.50,,356,
,00:27:51,174,41.4,01:27,85,366,,18431.10,,389,
,00:27:52,174,41.6,01:27,85,366,,18442.80,,356,
,00:27:53,174,41.6,01:27,84,366,,18454.70,,291,
,00:27:54,174,41.5,01:27,84,366,,18466.10,,255,
,00:27:55,174,41.5,01:27,86,366,,18477.80,,317,
,00:27:56,174,41.4,01:27,87,366,,18489.10,,311,
,00:27:57,174,41.2,01:27,88,366,,18500.40,,289,
,00:27:58,175,41.2,01:27,88,366,,18511.80,,278,
,00:27:59,175,41.0,01:28,88,366,,18522.10,,300,
,00:28:00,175,40.8,01:28,88,366,,18533.80,,336,
,00:28:01,175,40.6,01:29,87,366,,18544.80,,324,
,00:28:02,175,40.4,01:29,87,366,,18555.60,,311,
,00:28:03,175,40.2,01:30,87,366,,18566.60,,268,
,00:28:04,175,40.0,01:30,86,366,,18577.30,,280,
,00:28:05,175,39.9,01:30,86,366,,18588.10,,326,
,00:28:06,175,39.7,01:31,86,366,,18598.80,,308,
,00:28:07,175,39.6,01:31,86,367,,18610.50,,297,
,00:28:08,175,39.4,01:31,85,367,,18620.20,,301,
,00:28:09,175,39.3,01:32,85,367,,18630.80,,364,
,00:28:10,175,39.1,01:32,85,367,,18642.50,,339,
,00:28:11,175,38.9,01:33,85,367,,18651.90,,307,
,00:28:12,175,38.8,01:33,85,367,,18662.10,,306,
,00:28:13,175,38.6,01:33,84,367,,18672.60,,299,
,00:28:14,176,38.6,01:33,84,367,,18683.00,,213,
,00:28:15,176,38.5,01:33,83,367,,18693.30,,291,
,00:28:16,176,38.5,01:33,84,367,,18703.80,,406,
,00:28:17,175,38.5,01:34,85,367,,18714.20,,435,
,00:28:18,175,38.5,01:34,85,367,,18724.70,,382,
,00:28:19,175,38.4,01:34,86,367,,18735.50,,369,
,00:28:20,175,38.5,01:34,86,367,,18746.10,,311,
,00:28:21,175,38.5,01:33,86,367,,18756.70,,351,
,00:28:22,176,38.7,01:33,87,368,,18767.50,,366,
,00:28:23,176,38.8,01:33,87,368,,18778.40,,394,
,00:28:24,176,39.0,01:32,88,368,,18789.20,,430,
,00:28:25,176,39.2,01:32,89,368,,18799.20,,444,
,00:28:26,176,39.4,01:31,90,368,,18811.30,,396,
,00:28:27,177,39.5,01:31,91,368,,18822.50,,315,
,00:28:28,176,39.8,01:30,92,368,,18833.90,,374,
,00:28:29,177,40.1,01:30,93,368,,18845.60,,362,
,00:28:30,177,40.4,01:29,93,368,,18857.00,,362,
,00:28:31,177,40.7,01:28,95,368,,18868.60,,356,
,00:28:32,177,41.0,01:28,95,368,,18880.60,,290,
,00:28:33,177,41.4,01:27,95,369,,18892.20,,310,
,00:28:34,177,41.7,01:26,95,369,,18904.30,,327,
,00:28:35,177,42.1,01:26,96,369,,18916.30,,388,
,00:28:36,177,42.4,01:25,97,369,,18929.50,,385,
,00:28:37,177,42.7,01:24,98,369,,18939.10,,371,
,00:28:38,177,42.9,01:24,97,369,,18952.40,,372,
,00:28:39,177,43.2,01:23,94,369,,18964.60,,362,
,00:28:40,177,43.6,01:23,89,369,,18977.10,,341,
,00:28:41,177,44.0,01:22,88,369,,18989.40,,336,
,00:28:42,177,44.5,01:21,88,369,,19001.90,,417,
,00:28:43,177,44.9,01:20,88,369,,19014.40,,406,
,00:28:44,177,45.4,01:19,89,369,,19027.10,,340,
,00:28:45,177,45.9,01:18,90,370,,19039.10,,311,
,00:28:46,177,46.5,01:17,91,370,,19053.90,,310,
,00:28:47,176,47.0,01:17,91,370,,19067.60,,329,
,00:28:48,176,47.5,01:16,92,370,,19081.50,,351,
,00:28:49,176,47.9,01:15,92,370,,19095.10,,344,
,00:28:50,176,48.2,01:15,93,370,,19109.10,,364,
,00:28:51,176,48.4,01:14,93,370,,19124.70,,320,
,00:28:52,176,48.7,01:14,93,370,,19137.60,,259,
,00:28:53,176,48.9,01:14,92,370,,19151.60,,282,
,00:28:54,176,49.2,01:13,93,370,,19165.60,,312,
,00:28:55,177,49.4,01:13,93,370,,19179.10,,324,
,00:28:56,176,49.5,01:13,93,370,,19193.10,,274,
,00:28:57,177,49.6,01:13,93,370,,19207.00,,280,
,00:28:58,177,49.8,01:12,93,370,,19221.10,,276,
,00:28:59,177,49.8,01:12,93,370,,19235.30,,314,
,00:29:00,177,49.8,01:12,93,370,,19248.80,,331,
,00:29:01,177,49.8,01:12,94,370,,19262.70,,316,
,00:29:02,177,49.8,01:12,94,370,,19276.70,,266,
,00:29:03,177,49.8,01:12,93,370,,19290.50,,264,
,00:29:04,176,49.8,01:12,93,370,,19304.30,,271,
,00:29:05,177,49.8,01:12,92,370,,19318.00,,274,
,00:29:06,177,49.8,01:12,92,370,,19331.80,,295,
,00:29:07,177,49.7,01:12,91,370,,19345.10,,313,
,00:29:08,177,49.6,01:13,91,370,,19358.70,,338,
,00:29:09,177,49.4,01:13,91,370,,19370.50,,335,
,00:29:10,178,49.1,01:13,91,370,,19385.20,,354,
,00:29:11,178,48.9,01:14,90,370,,19398.80,,321,
,00:29:12,178,48.7,01:14,90,370,,19412.00,,309,
,00:29:13,178,48.6,01:14,89,370,,19425.20,,338,
,00:29:14,178,48.4,01:14,89,370,,19438.30,,305,
,00:29:15,178,48.2,01:15,90,370,,19451.30,,283,
,00:29:16,178,48.0,01:15,92,370,,19464.10,,324,
,00:29:17,179,47.8,01:15,94,370,,19477.00,,365,
,00:29:18,179,47.4,01:16,94,370,,19489.90,,282,
,00:29:19,178,47.2,01:16,95,370,,19502.60,,290,
,00:29:20,178,46.9,01:17,95,370,,19515.10,,313,
,00:29:21,178,46.6,01:17,94,370,,19527.70,,327,
,00:29:22,178,46.4,01:18,94,370,,19539.80,,299,
,00:29:23,178,46.3,01:18,94,370,,19552.50,,327,
,00:29:24,178,46.1,01:18,94,370,,19565.10,,365,
,00:29:25,178,46.1,01:18,94,370,,19577.50,,383,
,00:29:26,178,46.0,01:18,94,370,,19590.40,,341,
,00:29:27,178,46.0,01:18,94,370,,19602.90,,316,
,00:29:28,178,46.0,01:18,94,370,,19615.70,,292,
,00:29:29,179,45.9,01:18,93,370,,19629.40,,297,
,00:29:30,179,45.8,01:19,93,370,,19641.10,,333,
,00:29:31,179,45.8,01:19,93,370,,19653.50,,355,
,00:29:32,179,45.7,01:19,93,370,,19666.20,,292,
,00:29:33,179,45.6,01:19,93,370,,19679.00,,283,
,00:29:34,179,45.6,01:19,92,370,,19692.80,,288,
,00:29:35,179,45.5,01:19,92,370,,19704.10,,307,
,00:29:36,179,45.3,01:19,92,370,,19716.30,,301,
,00:29:37,179,45.2,01:20,92,370,,19728.30,,340,
,00:29:38,179,45.1,01:20,92,370,,19739.60,,359,
,00:29:39,179,45.0,01:20,92,370,,19753.10,,306,
,00:29:40,179,44.9,01:20,92,370,,19764.40,,300,
,00:29:41,179,45.0,01:20,91,370,,19777.70,,358,
,00:29:42,179,45.0,01:20,91,370,,19790.20,,354,
,00:29:43,179,45.0,01:20,91,370,,19802.70,,319,
,00:29:44,179,45.0,01:20,91,370,,19815.00,,351,
,00:29:45,179,44.9,01:20,90,370,,19827.40,,294,
,00:29:46,179,44.8,01:20,90,370,,19839.90,,248,
,00:29:47,179,44.7,01:21,90,370,,19852.10,,283,
,00:29:48,179,44.5,01:21,89,370,,19864.20,,265,
,00:29:49,179,44.4,01:21,89,370,,19876.10,,254,
,00:29:50,179,44.2,01:21,89,370,,19888.20,,329,
,00:29:51,179,44.1,01:22,89,370,,19900.30,,395,
,00:29:52,179,44.1,01:22,88,370,,19912.20,,294,
,00:29:53,179,43.9,01:22,88,370,,19924.50,,291,
,00:29:54,179,43.8,01:22,88,370,,19936.20,,315,
,00:29:55,179,43.6,01:23,87,370,,19947.80,,296,
,00:29:56,179,43.3,01:23,87,370,,19959.70,,284,
,00:29:57,179,43.1,01:24,86,370,,19971.40,,269,
,00:29:58,179,42.9,01:24,86,370,,19982.80,,290,
,00:29:59,179,42.8,01:24,86,370,,19994.50,,348,
,00:30:00,179,42.5,01:25,86,370,,20005.70,,320,
,00:30:01,179,42.3,01:25,86,370,,20015.40,,305,
,00:30:02,179,42.0,01:26,86,370,,20027.60,,321,
,00:30:03,179,41.7,01:26,86,370,,20038.50,,294,
,00:30:04,179,41.6,01:27,87,370,,20049.60,,337,
,00:30:05,178,41.5,01:27,87,370,,20060.90,,352,
,00:30:06,178,41.6,01:26,88,370,,20072.10,,329,
,00:30:07,178,41.8,01:26,88,370,,20083.50,,339,
,00:30:08,178,42.0,01:26,88,370,,20095.00,,372,
,00:30:09,178,42.2,01:25,88,370,,20106.50,,334,
,00:30:10,178,42.4,01:25,88,370,,20118.40,,330,
,00:30:11,178,42.6,01:24,88,371,,20130.50,,395,
,00:30:12,178,42.8,01:24,89,371,,20142.60,,400,
,00:30:13,178,43.0,01:24,90,371,,20154.60,,366,
,00:30:14,178,43.2,01:23,90,371,,20166.80,,397,
,00:30:15,178,43.4,01:23,91,371,,20179.20,,427,
,00:30:16,178,43.6,01:23,91,371,,20191.30,,364,
,00:30:17,178,43.8,01:22,91,371,,20203.90,,350,
,00:30:18,178,44.0,01:22,91,371,,20216.40,,291,
,00:30:19,179,44.2,01:22,91,371,,20229.00,,257,
,00:30:20,179,44.3,01:21,91,371,,20241.30,,266,
,00:30:21,179,44.4,01:21,91,371,,20253.80,,300,
,00:30:22,179,44.4,01:21,91,371,,20266.00,,286,
,00:30:23,179,44.5,01:21,91,372,,20278.50,,289,
,00:30:24,179,44.5,01:21,92,372,,20291.00,,270,
,00:30:25,179,44.6,01:21,92,372,,20303.00,,284,
,00:30:26,179,44.7,01:21,92,372,,20315.40,,275,
,00:30:27,179,44.7,01:20,93,372,,20327.50,,267,
,00:30:28,179,44.8,01:20,93,372,,20339.60,,247,
,00:30:29,178,44.9,01:20,93,372,,20352.20,,248,
,00:30:30,178,45.0,01:20,93,372,,20364.60,,276,
,00:30:31,178,45.2,01:20,94,372,,20377.20,,273,
,00:30:32,178,45.4,01:19,94,372,,20389.80,,254,
,00:30:33,178,45.5,01:19,94,372,,20402.70,,292,
,00:30:34,178,45.7,01:19,95,372,,20415.20,,241,
,00:30:35,178,45.8,01:19,95,372,,20429.80,,176,
,00:30:36,178,46.0,01:18,95,372,,20441.50,,248,
,00:30:37,177,46.2,01:18,94,372,,20454.60,,271,
,00:30:38,177,46.3,01:18,94,372,,20467.80,,315,
,00:30:39,177,46.5,01:17,93,372,,20480.70,,290,
,00:30:40,178,46.4,01:18,93,372,,20493.60,,308,
,00:30:41,178,46.4,01:18,92,372,,20506.40,,283,
,00:30:42,177,46.1,01:18,91,372,,20518.80,,246,
,00:30:43,177,45.8,01:19,90,372,,20530.90,,253,
,00:30:44,177,45.5,01:19,89,373,,20541.80,,316,
,00:30:45,177,45.1,01:20,89,373,,20555.00,,283,
,00:30:46,177,44.8,01:20,88,373,,20566.50,,314,
,00:30:47,177,44.5,01:21,88,373,,20578.10,,475,
,00:30:48,177,44.1,01:22,89,373,,20589.30,,567,
,00:30:49,177,43.8,01:22,90,373,,20600.30,,471,
,00:30:50,177,43.6,01:23,91,373,,20611.60,,442,
,00:30:51,177,43.6,01:23,91,373,,20623.10,,353,
,00:30:52,177,43.7,01:22,92,373,,20634.90,,383,
,00:30:53,177,44.1,01:22,92,373,,20647.00,,376,
,00:30:54,177,44.6,01:21,92,373,,20659.50,,395,
,00:30:55,177,45.1,01:20,94,373,,20672.00,,334,
,00:30:56,178,45.4,01:19,94,373,,20683.20,,339,
,00:30:57,178,45.6,01:19,94,373,,20697.70,,274,
,00:30:58,178,45.7,01:19,94,373,,20710.80,,296,
,00:30:59,178,45.9,01:18,94,373,,20724.20,,248,
,00:31:00,178,46.0,01:18,94,373,,20736.20,,297,
,00:31:01,179,46.1,01:18,94,373,,20750.10,,418,
,00:31:02,179,46.2,01:18,94,373,,20763.00,,436,
,00:31:03,179,46.2,01:18,94,373,,20774.20,,488,
,00:31:04,179,46.1,01:18,94,373,,20786.60,,394,
,00:31:05,179,46.2,01:18,93,373,,20800.70,,350,
,00:31:06,179,46.1,01:18,92,373,,20811.90,,359,
,00:31:07,179,46.1,01:18,91,373,,20824.40,,398,
,00:31:08,179,46.0,01:18,90,373,,20836.70,,373,
,00:31:09,179,45.9,01:18,92,373,,20850.30,,416,
,00:31:10,179,45.6,01:19,94,373,,20861.10,,386,
,00:31:11,179,45.2,01:20,94,373,,20873.00,,380,
,00:31:12,179,44.8,01:20,92,373,,20887.90,,329,
,00:31:13,179,44.4,01:21,91,373,,20898.70,,349,
,00:31:14,179,43.9,01:22,89,373,,20911.80,,375,
,00:31:15,179,43.4,01:23,92,373,,20923.30,,380,
,00:31:16,179,42.9,01:24,92,373,,20934.50,,415,
,00:31:17,179,42.3,01:25,91,373,,20945.50,,426,
,00:31:18,179,41.7,01:26,90,373,,20956.60,,404,
,00:31:19,179,41.1,01:28,89,373,,20967.10,,392,
,00:31:20,179,40.5,01:29,88,373,,20977.30,,376,
,00:31:21,179,40.0,01:30,87,373,,20986.30,,398,
,00:31:22,180,39.4,01:31,87,373,,20997.60,,342,
,00:31:23,180,38.8,01:33,93,373,,21006.20,,407,
,00:31:24,180,38.3,01:34,97,373,,21015.80,,371,
,00:31:25,180,37.9,01:35,98,373,,21025.50,,346,
,00:31:26,180,37.5,01:36,98,373,,21035.30,,321,
,00:31:27,180,37.2,01:37,97,373,,21044.90,,314,
,00:31:28,180,37.1,01:37,96,373,,21054.80,,358,
,00:31:29,180,36.9,01:38,95,373,,21064.60,,334,
,00:31:30,180,36.7,01:38,95,373,,21074.50,,357,
,00:31:31,180,36.6,01:38,95,373,,21084.20,,322,
,00:31:32,180,36.4,01:39,94,373,,21094.20,,317,
,00:31:33,180,36.1,01:40,93,373,,21103.90,,349,
,00:31:34,180,35.9,01:40,93,373,,21113.50,,376,
,00:31:35,180,35.7,01:41,93,373,,21123.20,,310,
,00:31:36,179,35.5,01:42,92,373,,21132.60,,291,
,00:31:37,180,35.3,01:42,92,373,,21142.20,,261,
,00:31:38,179,35.1,01:43,92,373,,21151.70,,282,
,00:31:39,179,34.9,01:43,92,373,,21161.00,,303,
,00:31:40,179,34.7,01:44,93,373,,21170.30,,304,
,00:31:41,180,34.6,01:44,93,373,,21179.70,,302,
,00:31:42,180,34.5,01:44,95,373,,21189.00,,307,
,00:31:43,180,34.5,01:44,95,373,,21198.40,,275,
,00:31:44,180,34.6,01:44,97,373,,21208.20,,335,
,00:31:45,180,34.8,01:43,94,374,,21217.90,,305,
,00:31:46,180,35.0,01:43,85,374,,21227.80,,311,
,00:31:47,180,35.3,01:42,82,374,,21237.70,,339,
,00:31:48,180,35.7,01:41,82,374,,21247.90,,250,
,00:31:49,180,36.3,01:39,83,374,,21258.50,,266,
,00:31:50,180,36.8,01:38,84,374,,21269.60,,252,
,00:31:51,180,37.5,01:36,85,374,,21280.70,,224,
,00:31:52,181,38.3,01:34,87,374,,21292.30,,227,
,00:31:53,181,39.0,01:32,88,374,,21304.10,,248,
,00:31:54,181,39.8,01:31,90,374,,21316.10,,252,
,00:31:55,181,40.5,01:29,91,374,,21328.20,,214,
,00:31:56,181,41.2,01:27,93,374,,21340.80,,296,
,00:31:57,180,41.9,01:26,95,374,,21353.50,,233,
,00:31:58,180,42.7,01:24,91,374,,21366.30,,215,
,00:31:59,180,43.5,01:23,87,374,,21379.40,,256,
,00:32:00,180,44.3,01:21,85,374,,21393.00,,267,
,00:32:01,180,45.2,01:20,86,374,,21406.60,,240,
,00:32:02,180,46.1,01:18,87,374,,21420.70,,286,
,00:32:03,180,46.9,01:17,88,375,,21434.70,,284,
,00:32:04,180,47.7,01:15,88,375,,21448.90,,263,
,00:32:05,180,48.5,01:14,89,375,,21463.70,,269,
,00:32:06,180,49.2,01:13,89,375,,21478.40,,249,
,00:32:07,180,49.9,01:12,89,375,,21493.10,,204,
,00:32:08,180,50.5,01:11,89,375,,21508.50,,166,
,00:32:09,180,51.0,01:11,88,375,,21523.30,,193,
,00:32:10,180,51.3,01:10,87,375,,21538.10,,150,
,00:32:11,180,51.5,01:10,86,375,,21552.90,,160,
,00:32:12,179,51.5,01:10,86,375,,21567.10,,160,
,00:32:13,179,51.3,01:10,86,375,,21581.50,,145,
,00:32:14,179,51.0,01:11,86,375,,21595.60,,244,
,00:32:15,179,50.6,01:11,86,375,,21609.30,,154,
,00:32:16,179,50.1,01:12,86,375,,21622.40,,154,
,00:32:17,179,49.4,01:13,30,375,,21635.50,,154,
,00:32:18,179,48.4,01:14,20,374,,21647.70,,126,
,00:32:19,178,46.7,01:17,23,374,,21658.70,,74,
,00:32:20,178,44.3,01:21,26,374,,21667.70,,102,
,00:32:21,178,41.4,01:27,26,374,,21674.60,,146,
,00:32:22,177,38.3,01:34,38,374,,21679.70,,498,
,00:32:23,177,35.6,01:41,47,374,,21684.50,,408,
,00:32:24,177,33.7,01:47,66,374,,21689.40,,520,
,00:32:25,177,32.8,01:50,72,374,,21694.20,,559,
,00:32:26,177,32.8,01:50,77,374,,21699.00,,539,
,00:32:27,177,33.6,01:47,84,374,,21705.20,,552,
,00:32:28,177,34.7,01:44,88,374,,21714.40,,558,
,00:32:29,177,36.1,01:40,93,374,,21726.50,,392,
,00:32:30,177,37.6,01:36,96,374,,21740.20,,437,
,00:32:31,176,39.2,01:32,96,374,,21753.70,,369,
,00:32:32,176,40.7,01:28,98,374,,21767.70,,349,
,00:32:33,176,42.2,01:25,98,373,,21781.20,,341,
,00:32:34,176,43.5,01:23,99,373,,21795.10,,376,
,00:32:35,176,44.6,01:21,100,373,,21809.20,,286,
,00:32:36,176,45.6,01:19,100,373,,21823.10,,286,
,00:32:37,177,46.4,01:18,101,373,,21837.20,,220,
,00:32:38,177,47.2,01:16,101,373,,21851.10,,281,
,00:32:39,177,47.9,01:15,102,373,,21865.30,,325,
,00:32:40,177,48.5,01:14,102,373,,21879.60,,253,
,00:32:41,178,49.2,01:13,104,373,,21894.50,,169,
,00:32:42,178,49.6,01:13,104,373,,21909.10,,262,
,00:32:43,178,49.9,01:12,104,372,,21923.10,,243,
,00:32:44,178,50.1,01:12,104,372,,21937.60,,188,
,00:32:45,179,50.3,01:12,104,372,,21951.70,,95,
,00:32:46,179,50.3,01:12,104,372,,21965.40,,95,
,00:32:47,179,50.3,01:12,30,372,,21979.20,,95,
,00:32:48,179,50.1,01:12,20,372,,21992.80,,95,
,00:32:49,179,49.2,01:13,0,372,,22005.10,,95,
,00:32:50,179,47.5,01:16,0,372,,22016.20,,8,
,00:32:51,179,45.1,01:20,0,372,,22025.50,,0,
,00:32:52,179,42.0,01:26,0,372,,22032.80,,0,
,00:32:53,179,38.5,01:34,0,372,,22039.20,,0,
,00:32:54,179,34.9,01:43,0,371,,22044.30,,0,
,00:32:55,179,31.4,01:55,0,371,,22046.60,,0,
,00:32:56,179,24.6,02:26,0,371,,22046.70,,37,
,00:32:57,179,20.2,02:58,0,371,,22046.70,,48,
,00:32:58,179,17.4,03:27,0,371,,22046.70,,48,
,00:32:59,179,16.0,03:44,0,371,,22046.70,,48,
,00:33:00,179,15.4,03:54,0,371,,22048.90,,48,
,00:33:01,178,15.3,03:55,0,371,,22051.30,,48,
,00:33:02,178,15.4,03:54,0,370,,22053.90,,48,
,00:33:03,178,15.4,03:53,0,370,,22056.90,,0,
,00:33:04,178,14.9,04:02,0,370,,22060.30,,0,
,00:33:05,178,14.1,04:16,0,370,,22063.80,,0,
,00:33:06,178,13.7,04:23,0,370,,22067.10,,0,
,00:33:07,178,9.9,06:03,0,370,,22069.30,,0,
,00:33:08,178,7.3,08:14,0,370,,22071.00,,0,
,00:33:09,177,5.4,11:13,0,370,,22071.60,,0,
,00:33:10,177,3.7,16:24,0,369,,22071.70,,0,
,00:33:11,176,2.4,25:32,0,369,,22071.70,,0,
,00:33:12,177,0.0,00:00,0,369,,22071.70,,0,
,00:33:13,177,1.2,49:35,0,369,,22071.70,,0,
,00:33:14,177,2.2,27:02,0,369,,22071.70,,0,
,00:33:15,177,4.2,14:15,0,369,,22071.80,,0,
,00:33:16,177,7.0,08:34,0,369,,22072.20,,0,
,00:33:17,177,8.7,06:54,0,369,,22072.40,,0,
,00:33:18,177,9.6,06:17,0,368,,22075.00,,0,
